env_steps,episode,episode_return,WEL,ISR
131,1,-41.285714285714285,27.0,0.2857142857142857
275,2,-41.285714285714285,27.0,0.2857142857142857
398,3,-41.285714285714285,27.0,0.2857142857142857
542,4,-41.285714285714285,27.0,0.2857142857142857
676,5,-41.285714285714285,27.0,0.2857142857142857
746,6,-41.285714285714285,27.0,0.2857142857142857
889,7,-41.285714285714285,27.0,0.2857142857142857
1033,8,-41.285714285714285,27.0,0.2857142857142857
1162,9,-41.285714285714285,27.0,0.2857142857142857
1306,10,-41.285714285714285,27.0,0.2857142857142857
1450,11,-41.285714285714285,27.0,0.2857142857142857
1578,12,-41.285714285714285,27.0,0.2857142857142857
1694,13,-41.285714285714285,27.0,0.2857142857142857
1838,14,-41.285714285714285,27.0,0.2857142857142857
1982,15,-41.285714285714285,27.0,0.2857142857142857
2078,16,-41.285714285714285,27.0,0.2857142857142857
2158,17,-41.285714285714285,27.0,0.2857142857142857
2256,18,-41.285714285714285,27.0,0.2857142857142857
2394,19,-41.285714285714285,27.0,0.2857142857142857
2538,20,-41.285714285714285,27.0,0.2857142857142857
2682,21,-41.285714285714285,27.0,0.2857142857142857
2807,22,-41.285714285714285,27.0,0.2857142857142857
2941,23,-41.285714285714285,27.0,0.2857142857142857
3022,24,-41.285714285714285,27.0,0.2857142857142857
3151,25,-41.285714285714285,27.0,0.2857142857142857
3236,26,-41.285714285714285,27.0,0.2857142857142857
3326,27,-41.285714285714285,27.0,0.2857142857142857
3470,28,-41.285714285714285,27.0,0.2857142857142857
3610,29,-41.285714285714285,27.0,0.2857142857142857
3729,30,-41.285714285714285,27.0,0.2857142857142857
3786,31,-41.285714285714285,27.0,0.2857142857142857
3862,32,-41.285714285714285,27.0,0.2857142857142857
3948,33,-41.285714285714285,27.0,0.2857142857142857
4092,34,-41.285714285714285,27.0,0.2857142857142857
4173,35,-41.285714285714285,27.0,0.2857142857142857
4284,36,-34.42857142857143,27.0,0.2857142857142857
4403,37,-41.285714285714285,27.0,0.2857142857142857
4546,38,-41.285714285714285,27.0,0.2857142857142857
4603,39,-41.285714285714285,27.0,0.2857142857142857
4706,40,-41.285714285714285,27.0,0.2857142857142857
4729,41,-41.285714285714285,27.0,0.2857142857142857
4873,42,-41.285714285714285,27.0,0.2857142857142857
4901,43,-41.285714285714285,27.0,0.2857142857142857
4987,44,-41.285714285714285,27.0,0.2857142857142857
5109,45,-41.285714285714285,27.0,0.2857142857142857
5202,46,-41.285714285714285,27.0,0.2857142857142857
5333,47,-41.285714285714285,27.0,0.2857142857142857
5455,48,-41.285714285714285,27.0,0.2857142857142857
5599,49,-41.285714285714285,27.0,0.2857142857142857
5699,50,-41.285714285714285,27.0,0.2857142857142857
5805,51,-41.285714285714285,27.0,0.2857142857142857
5847,52,-41.285714285714285,27.0,0.2857142857142857
5984,53,-41.285714285714285,27.0,0.2857142857142857
6012,54,-41.285714285714285,27.0,0.2857142857142857
6156,55,-41.285714285714285,27.0,0.2857142857142857
6241,56,-41.285714285714285,27.0,0.2857142857142857
6385,57,-41.285714285714285,27.0,0.2857142857142857
6514,58,-41.285714285714285,27.0,0.2857142857142857
6602,59,-41.285714285714285,27.0,0.2857142857142857
6685,60,-41.285714285714285,27.0,0.2857142857142857
6790,61,-41.285714285714285,27.0,0.2857142857142857
6934,62,-41.285714285714285,27.0,0.2857142857142857
7036,63,-41.285714285714285,27.0,0.2857142857142857
7177,64,-41.285714285714285,27.0,0.2857142857142857
7321,65,-41.285714285714285,27.0,0.2857142857142857
7433,66,-41.285714285714285,27.0,0.2857142857142857
7577,67,-41.285714285714285,27.0,0.2857142857142857
7688,68,-41.285714285714285,27.0,0.2857142857142857
7762,69,-41.285714285714285,27.0,0.2857142857142857
7906,70,-41.285714285714285,27.0,0.2857142857142857
7954,71,-41.285714285714285,27.0,0.2857142857142857
8098,72,-41.285714285714285,27.0,0.2857142857142857
8196,73,-41.28571428571429,27.0,0.2857142857142857
8291,74,-41.285714285714285,27.0,0.2857142857142857
8393,75,-28.428571428571423,27.0,0.2857142857142857
8499,76,-41.285714285714285,27.0,0.2857142857142857
8526,77,-41.285714285714285,27.0,0.2857142857142857
8609,78,-41.285714285714285,27.0,0.2857142857142857
8753,79,-41.285714285714285,27.0,0.2857142857142857
8897,80,-41.285714285714285,27.0,0.2857142857142857
9016,81,-41.285714285714285,27.0,0.2857142857142857
9103,82,-41.285714285714285,27.0,0.2857142857142857
9238,83,-41.285714285714285,27.0,0.2857142857142857
9328,84,-41.285714285714285,27.0,0.2857142857142857
9472,85,-30.42857142857143,19.0,0.42857142857142855
9616,86,-41.285714285714285,27.0,0.2857142857142857
9747,87,-41.285714285714285,27.0,0.2857142857142857
9807,88,-41.285714285714285,27.0,0.2857142857142857
9860,89,-41.285714285714285,27.0,0.2857142857142857
10004,90,-41.285714285714285,27.0,0.2857142857142857
10101,91,-41.285714285714285,27.0,0.2857142857142857
10226,92,-41.285714285714285,27.0,0.2857142857142857
10344,93,-32.42857142857143,21.0,0.42857142857142855
10464,94,-41.285714285714285,27.0,0.2857142857142857
10584,95,-41.285714285714285,27.0,0.2857142857142857
10709,96,-26.42857142857143,15.0,0.42857142857142855
10853,97,-41.285714285714285,27.0,0.2857142857142857
10917,98,-41.285714285714285,27.0,0.2857142857142857
11061,99,-41.285714285714285,27.0,0.2857142857142857
11108,100,-41.28571428571429,27.0,0.2857142857142857
11252,101,-34.42857142857142,27.0,0.2857142857142857
11396,102,-41.285714285714285,27.0,0.2857142857142857
11528,103,-41.285714285714285,27.0,0.2857142857142857
11637,104,-41.28571428571429,27.0,0.2857142857142857
11750,105,-41.285714285714285,27.0,0.2857142857142857
11894,106,-41.285714285714285,27.0,0.2857142857142857
12005,107,-41.285714285714285,27.0,0.2857142857142857
12127,108,-41.285714285714285,27.0,0.2857142857142857
12187,109,-41.285714285714285,27.0,0.2857142857142857
12285,110,-41.285714285714285,27.0,0.2857142857142857
12311,111,-41.285714285714285,27.0,0.2857142857142857
12437,112,-34.42857142857142,27.0,0.2857142857142857
12489,113,-41.285714285714285,27.0,0.2857142857142857
12554,114,-41.285714285714285,27.0,0.2857142857142857
12653,115,-41.285714285714285,27.0,0.2857142857142857
12797,116,-41.285714285714285,27.0,0.2857142857142857
12835,117,-41.285714285714285,27.0,0.2857142857142857
12885,118,-41.28571428571429,27.0,0.2857142857142857
13008,119,-41.285714285714285,27.0,0.2857142857142857
13152,120,-41.285714285714285,27.0,0.2857142857142857
13296,121,-41.285714285714285,27.0,0.2857142857142857
13440,122,-41.285714285714285,27.0,0.2857142857142857
13549,123,-41.285714285714285,27.0,0.2857142857142857
13633,124,-41.285714285714285,27.0,0.2857142857142857
13740,125,-41.285714285714285,27.0,0.2857142857142857
13860,126,-41.285714285714285,27.0,0.2857142857142857
13966,127,-41.285714285714285,27.0,0.2857142857142857
14086,128,-41.285714285714285,27.0,0.2857142857142857
14207,129,-41.285714285714285,27.0,0.2857142857142857
14334,130,-41.285714285714285,27.0,0.2857142857142857
14460,131,-34.42857142857142,27.0,0.2857142857142857
14604,132,-41.285714285714285,27.0,0.2857142857142857
14719,133,-41.285714285714285,27.0,0.2857142857142857
14818,134,-41.285714285714285,27.0,0.2857142857142857
14958,135,-41.285714285714285,27.0,0.2857142857142857
15102,136,-41.285714285714285,27.0,0.2857142857142857
15230,137,-41.285714285714285,27.0,0.2857142857142857
15304,138,-41.285714285714285,27.0,0.2857142857142857
15438,139,-41.285714285714285,27.0,0.2857142857142857
15515,140,-41.28571428571429,27.0,0.2857142857142857
15659,141,-41.285714285714285,27.0,0.2857142857142857
15782,142,-41.285714285714285,27.0,0.2857142857142857
15830,143,-41.285714285714285,27.0,0.2857142857142857
15938,144,-41.285714285714285,27.0,0.2857142857142857
16060,145,-41.285714285714285,27.0,0.2857142857142857
16196,146,-41.285714285714285,27.0,0.2857142857142857
16310,147,-41.285714285714285,27.0,0.2857142857142857
16454,148,-41.28571428571429,27.0,0.2857142857142857
16561,149,-41.285714285714285,27.0,0.2857142857142857
16690,150,-34.42857142857142,27.0,0.2857142857142857
16789,151,-41.285714285714285,27.0,0.2857142857142857
16932,152,-41.285714285714285,27.0,0.2857142857142857
16997,153,-41.285714285714285,27.0,0.2857142857142857
17141,154,-41.285714285714285,27.0,0.2857142857142857
17260,155,-41.285714285714285,27.0,0.2857142857142857
17377,156,-41.285714285714285,27.0,0.2857142857142857
17511,157,-34.42857142857143,27.0,0.2857142857142857
17655,158,-41.285714285714285,27.0,0.2857142857142857
17739,159,-41.285714285714285,27.0,0.2857142857142857
17781,160,-41.285714285714285,27.0,0.2857142857142857
17925,161,-41.285714285714285,27.0,0.2857142857142857
18069,162,-41.285714285714285,27.0,0.2857142857142857
18142,163,-41.285714285714285,27.0,0.2857142857142857
18279,164,-41.285714285714285,27.0,0.2857142857142857
18362,165,-41.28571428571429,27.0,0.2857142857142857
18449,166,-41.285714285714285,27.0,0.2857142857142857
18539,167,-41.28571428571429,27.0,0.2857142857142857
18683,168,-18.42857142857143,7.0,0.42857142857142855
18807,169,-41.285714285714285,27.0,0.2857142857142857
18924,170,-41.285714285714285,27.0,0.2857142857142857
18977,171,-41.285714285714285,27.0,0.2857142857142857
19121,172,-41.285714285714285,27.0,0.2857142857142857
19265,173,-41.285714285714285,27.0,0.2857142857142857
19383,174,-41.285714285714285,27.0,0.2857142857142857
19514,175,-41.285714285714285,27.0,0.2857142857142857
19551,176,-41.285714285714285,27.0,0.2857142857142857
19661,177,-41.385714285714286,27.0,0.2857142857142857
19790,178,-41.285714285714285,27.0,0.2857142857142857
19818,179,-41.285714285714285,27.0,0.2857142857142857
19935,180,-41.285714285714285,27.0,0.2857142857142857
20026,181,-41.285714285714285,27.0,0.2857142857142857
20139,182,-41.285714285714285,27.0,0.2857142857142857
20238,183,-41.28571428571429,27.0,0.2857142857142857
20354,184,-34.42857142857142,27.0,0.2857142857142857
20422,185,-41.285714285714285,27.0,0.2857142857142857
20485,186,-41.28571428571429,27.0,0.2857142857142857
20626,187,-41.285714285714285,27.0,0.2857142857142857
20716,188,-41.285714285714285,27.0,0.2857142857142857
20783,189,-41.285714285714285,27.0,0.2857142857142857
20863,190,-41.285714285714285,27.0,0.2857142857142857
20990,191,-41.285714285714285,27.0,0.2857142857142857
21054,192,-41.285714285714285,27.0,0.2857142857142857
21151,193,-41.285714285714285,27.0,0.2857142857142857
21295,194,-41.285714285714285,27.0,0.2857142857142857
21439,195,-41.285714285714285,27.0,0.2857142857142857
21558,196,-41.285714285714285,27.0,0.2857142857142857
21663,197,-41.285714285714285,27.0,0.2857142857142857
21761,198,-41.285714285714285,27.0,0.2857142857142857
21905,199,-41.28571428571429,27.0,0.2857142857142857
21974,200,-41.285714285714285,27.0,0.2857142857142857
22086,201,-41.285714285714285,27.0,0.2857142857142857
22151,202,-41.285714285714285,27.0,0.2857142857142857
22295,203,-41.285714285714285,27.0,0.2857142857142857
22430,204,-41.285714285714285,27.0,0.2857142857142857
22533,205,-41.385714285714286,27.0,0.2857142857142857
22618,206,-41.285714285714285,27.0,0.2857142857142857
22762,207,-41.285714285714285,27.0,0.2857142857142857
22878,208,-41.285714285714285,27.0,0.2857142857142857
22956,209,-41.285714285714285,27.0,0.2857142857142857
23100,210,-41.285714285714285,27.0,0.2857142857142857
23152,211,-41.285714285714285,27.0,0.2857142857142857
23224,212,-41.285714285714285,27.0,0.2857142857142857
23294,213,-41.285714285714285,27.0,0.2857142857142857
23365,214,-41.28571428571429,27.0,0.2857142857142857
23508,215,-41.285714285714285,27.0,0.2857142857142857
23611,216,-41.285714285714285,27.0,0.2857142857142857
23710,217,-41.28571428571429,27.0,0.2857142857142857
23817,218,-41.285714285714285,27.0,0.2857142857142857
23877,219,-41.285714285714285,27.0,0.2857142857142857
23952,220,-41.285714285714285,27.0,0.2857142857142857
24010,221,-41.285714285714285,27.0,0.2857142857142857
24117,222,-41.285714285714285,27.0,0.2857142857142857
24212,223,-41.285714285714285,27.0,0.2857142857142857
24356,224,-41.285714285714285,27.0,0.2857142857142857
24447,225,-41.285714285714285,27.0,0.2857142857142857
24578,226,-18.42857142857143,7.0,0.42857142857142855
24722,227,-41.285714285714285,27.0,0.2857142857142857
24866,228,-41.285714285714285,27.0,0.2857142857142857
24946,229,-41.285714285714285,27.0,0.2857142857142857
25024,230,-41.285714285714285,27.0,0.2857142857142857
25116,231,-41.285714285714285,27.0,0.2857142857142857
25169,232,-41.285714285714285,27.0,0.2857142857142857
25244,233,-41.285714285714285,27.0,0.2857142857142857
25388,234,-41.385714285714286,27.0,0.2857142857142857
25508,235,-41.285714285714285,27.0,0.2857142857142857
25561,236,-41.285714285714285,27.0,0.2857142857142857
25666,237,-41.285714285714285,27.0,0.2857142857142857
25792,238,-41.285714285714285,27.0,0.2857142857142857
25915,239,-41.285714285714285,27.0,0.2857142857142857
26014,240,-41.285714285714285,27.0,0.2857142857142857
26070,241,-41.285714285714285,27.0,0.2857142857142857
26214,242,-41.285714285714285,27.0,0.2857142857142857
26312,243,-41.285714285714285,27.0,0.2857142857142857
26375,244,-41.28571428571429,27.0,0.2857142857142857
26515,245,-41.285714285714285,27.0,0.2857142857142857
26659,246,-41.285714285714285,27.0,0.2857142857142857
26777,247,-41.285714285714285,27.0,0.2857142857142857
26873,248,-41.285714285714285,27.0,0.2857142857142857
27017,249,-41.28571428571429,27.0,0.2857142857142857
27102,250,-41.285714285714285,27.0,0.2857142857142857
27201,251,-41.285714285714285,27.0,0.2857142857142857
27275,252,-41.28571428571429,27.0,0.2857142857142857
27356,253,-41.285714285714285,27.0,0.2857142857142857
27396,254,-41.285714285714285,27.0,0.2857142857142857
27539,255,-41.285714285714285,27.0,0.2857142857142857
27622,256,-41.28571428571429,27.0,0.2857142857142857
27690,257,-41.285714285714285,27.0,0.2857142857142857
27803,258,-41.285714285714285,27.0,0.2857142857142857
27885,259,-41.285714285714285,27.0,0.2857142857142857
28028,260,-41.285714285714285,27.0,0.2857142857142857
28103,261,-41.285714285714285,27.0,0.2857142857142857
28199,262,-41.285714285714285,27.0,0.2857142857142857
28282,263,-41.28571428571429,27.0,0.2857142857142857
28419,264,-41.285714285714285,27.0,0.2857142857142857
28563,265,-41.285714285714285,27.0,0.2857142857142857
28696,266,-18.42857142857143,7.0,0.42857142857142855
28763,267,-41.28571428571429,27.0,0.2857142857142857
28869,268,-41.285714285714285,27.0,0.2857142857142857
28901,269,-41.285714285714285,27.0,0.2857142857142857
29003,270,-41.285714285714285,27.0,0.2857142857142857
29136,271,-41.285714285714285,27.0,0.2857142857142857
29280,272,-41.285714285714285,27.0,0.2857142857142857
29378,273,-41.285714285714285,27.0,0.2857142857142857
29522,274,-41.385714285714286,27.0,0.2857142857142857
29630,275,-28.428571428571423,27.0,0.2857142857142857
29748,276,-41.285714285714285,27.0,0.2857142857142857
29824,277,-18.42857142857143,7.0,0.42857142857142855
29885,278,-41.285714285714285,27.0,0.2857142857142857
29953,279,-41.285714285714285,27.0,0.2857142857142857
30060,280,-41.285714285714285,27.0,0.2857142857142857
30204,281,-41.285714285714285,27.0,0.2857142857142857
30313,282,-34.42857142857142,27.0,0.2857142857142857
30433,283,-41.285714285714285,27.0,0.2857142857142857
30577,284,-41.285714285714285,27.0,0.2857142857142857
30632,285,-41.285714285714285,27.0,0.2857142857142857
30749,286,-41.285714285714285,27.0,0.2857142857142857
30887,287,-41.285714285714285,27.0,0.2857142857142857
31026,288,-41.285714285714285,27.0,0.2857142857142857
31129,289,-41.285714285714285,27.0,0.2857142857142857
31261,290,-41.285714285714285,27.0,0.2857142857142857
31405,291,-30.42857142857143,19.0,0.42857142857142855
31439,292,-41.285714285714285,27.0,0.2857142857142857
31574,293,-41.285714285714285,27.0,0.2857142857142857
31718,294,-41.285714285714285,27.0,0.2857142857142857
31819,295,-41.285714285714285,27.0,0.2857142857142857
31963,296,-41.285714285714285,27.0,0.2857142857142857
32071,297,-41.285714285714285,27.0,0.2857142857142857
32194,298,-41.285714285714285,27.0,0.2857142857142857
32326,299,-41.285714285714285,27.0,0.2857142857142857
32440,300,-41.285714285714285,27.0,0.2857142857142857
32497,301,-41.285714285714285,27.0,0.2857142857142857
32641,302,-41.285714285714285,27.0,0.2857142857142857
32776,303,-41.285714285714285,27.0,0.2857142857142857
32867,304,-41.285714285714285,27.0,0.2857142857142857
33002,305,-41.38571428571428,27.0,0.2857142857142857
33125,306,-41.285714285714285,27.0,0.2857142857142857
33256,307,-41.285714285714285,27.0,0.2857142857142857
33400,308,-41.285714285714285,27.0,0.2857142857142857
33524,309,-41.285714285714285,27.0,0.2857142857142857
33668,310,-41.38571428571428,27.0,0.2857142857142857
33738,311,-41.285714285714285,27.0,0.2857142857142857
33882,312,-41.285714285714285,27.0,0.2857142857142857
34026,313,-41.285714285714285,27.0,0.2857142857142857
34083,314,-41.285714285714285,27.0,0.2857142857142857
34227,315,-41.285714285714285,27.0,0.2857142857142857
34366,316,-41.285714285714285,27.0,0.2857142857142857
34510,317,-41.285714285714285,27.0,0.2857142857142857
34618,318,-41.68571428571429,27.0,0.2857142857142857
34698,319,-41.285714285714285,27.0,0.2857142857142857
34842,320,-41.285714285714285,27.0,0.2857142857142857
34933,321,-41.58571428571428,27.0,0.2857142857142857
35077,322,-41.285714285714285,27.0,0.2857142857142857
35121,323,-41.285714285714285,27.0,0.2857142857142857
35160,324,-41.285714285714285,27.0,0.2857142857142857
35232,325,-41.285714285714285,27.0,0.2857142857142857
35376,326,-41.285714285714285,27.0,0.2857142857142857
35465,327,-41.385714285714286,27.0,0.2857142857142857
35603,328,-41.285714285714285,27.0,0.2857142857142857
35747,329,-41.285714285714285,27.0,0.2857142857142857
35891,330,-41.385714285714286,27.0,0.2857142857142857
35987,331,-41.285714285714285,27.0,0.2857142857142857
36105,332,-41.285714285714285,27.0,0.2857142857142857
36246,333,-41.285714285714285,27.0,0.2857142857142857
36354,334,-41.285714285714285,27.0,0.2857142857142857
36498,335,-41.285714285714285,27.0,0.2857142857142857
36535,336,-41.285714285714285,27.0,0.2857142857142857
36656,337,-41.285714285714285,27.0,0.2857142857142857
36757,338,-41.285714285714285,27.0,0.2857142857142857
36901,339,-41.285714285714285,27.0,0.2857142857142857
37045,340,-41.285714285714285,27.0,0.2857142857142857
37153,341,-41.285714285714285,27.0,0.2857142857142857
37248,342,-41.285714285714285,27.0,0.2857142857142857
37382,343,-41.285714285714285,27.0,0.2857142857142857
37501,344,-41.285714285714285,27.0,0.2857142857142857
37548,345,-41.285714285714285,27.0,0.2857142857142857
37679,346,-41.285714285714285,27.0,0.2857142857142857
37781,347,-41.285714285714285,27.0,0.2857142857142857
37925,348,-41.285714285714285,27.0,0.2857142857142857
38003,349,-41.285714285714285,27.0,0.2857142857142857
38112,350,-41.285714285714285,27.0,0.2857142857142857
38256,351,-41.285714285714285,27.0,0.2857142857142857
38356,352,-41.285714285714285,27.0,0.2857142857142857
38485,353,-41.285714285714285,27.0,0.2857142857142857
38620,354,-41.38571428571428,27.0,0.2857142857142857
38764,355,-41.285714285714285,27.0,0.2857142857142857
38871,356,-41.285714285714285,27.0,0.2857142857142857
39003,357,-41.285714285714285,27.0,0.2857142857142857
39130,358,-41.285714285714285,27.0,0.2857142857142857
39262,359,-41.285714285714285,27.0,0.2857142857142857
39352,360,-41.285714285714285,27.0,0.2857142857142857
39484,361,-41.285714285714285,27.0,0.2857142857142857
39558,362,-41.28571428571429,27.0,0.2857142857142857
39658,363,-41.285714285714285,27.0,0.2857142857142857
39705,364,-41.28571428571429,27.0,0.2857142857142857
39849,365,-30.42857142857143,19.0,0.42857142857142855
39926,366,-41.285714285714285,27.0,0.2857142857142857
40037,367,-41.285714285714285,27.0,0.2857142857142857
40174,368,-41.285714285714285,27.0,0.2857142857142857
40215,369,-41.285714285714285,27.0,0.2857142857142857
40343,370,-41.285714285714285,27.0,0.2857142857142857
40459,371,-41.285714285714285,27.0,0.2857142857142857
40603,372,-41.285714285714285,27.0,0.2857142857142857
40703,373,-41.285714285714285,27.0,0.2857142857142857
40821,374,-41.285714285714285,27.0,0.2857142857142857
40917,375,-41.285714285714285,27.0,0.2857142857142857
41037,376,-41.285714285714285,27.0,0.2857142857142857
41170,377,-41.285714285714285,27.0,0.2857142857142857
41264,378,-34.42857142857142,27.0,0.2857142857142857
41373,379,-41.285714285714285,27.0,0.2857142857142857
41491,380,-41.285714285714285,27.0,0.2857142857142857
41596,381,-41.285714285714285,27.0,0.2857142857142857
41629,382,-41.285714285714285,27.0,0.2857142857142857
41752,383,-41.285714285714285,27.0,0.2857142857142857
41834,384,-41.285714285714285,27.0,0.2857142857142857
41919,385,-41.285714285714285,27.0,0.2857142857142857
42063,386,-41.285714285714285,27.0,0.2857142857142857
42109,387,-41.285714285714285,27.0,0.2857142857142857
42157,388,-41.285714285714285,27.0,0.2857142857142857
42295,389,-41.285714285714285,27.0,0.2857142857142857
42344,390,-41.28571428571429,27.0,0.2857142857142857
42462,391,-41.285714285714285,27.0,0.2857142857142857
42606,392,-41.28571428571429,27.0,0.2857142857142857
42741,393,-41.285714285714285,27.0,0.2857142857142857
42809,394,-41.285714285714285,27.0,0.2857142857142857
42849,395,-41.285714285714285,27.0,0.2857142857142857
42958,396,-34.528571428571425,27.0,0.2857142857142857
43102,397,-41.285714285714285,27.0,0.2857142857142857
43207,398,-41.285714285714285,27.0,0.2857142857142857
43311,399,-34.42857142857143,27.0,0.2857142857142857
43455,400,-41.285714285714285,27.0,0.2857142857142857
43510,401,-41.285714285714285,27.0,0.2857142857142857
43597,402,-41.285714285714285,27.0,0.2857142857142857
43736,403,-41.285714285714285,27.0,0.2857142857142857
43842,404,-41.285714285714285,27.0,0.2857142857142857
43968,405,-34.42857142857142,27.0,0.2857142857142857
44014,406,-41.285714285714285,27.0,0.2857142857142857
44093,407,-41.285714285714285,27.0,0.2857142857142857
44226,408,-41.285714285714285,27.0,0.2857142857142857
44277,409,-41.285714285714285,27.0,0.2857142857142857
44402,410,-41.285714285714285,27.0,0.2857142857142857
44533,411,-26.57142857142857,27.0,0.2857142857142857
44618,412,-41.285714285714285,27.0,0.2857142857142857
44762,413,-41.285714285714285,27.0,0.2857142857142857
44880,414,-41.285714285714285,27.0,0.2857142857142857
45021,415,-34.42857142857143,27.0,0.2857142857142857
45165,416,-41.285714285714285,27.0,0.2857142857142857
45292,417,-41.285714285714285,27.0,0.2857142857142857
45378,418,-41.285714285714285,27.0,0.2857142857142857
45474,419,-41.285714285714285,27.0,0.2857142857142857
45618,420,-41.385714285714286,27.0,0.2857142857142857
45762,421,-41.285714285714285,27.0,0.2857142857142857
45901,422,-41.285714285714285,27.0,0.2857142857142857
46045,423,-34.42857142857142,27.0,0.2857142857142857
46073,424,-41.285714285714285,27.0,0.2857142857142857
46192,425,-41.285714285714285,27.0,0.2857142857142857
46303,426,-41.285714285714285,27.0,0.2857142857142857
46407,427,-34.42857142857143,27.0,0.2857142857142857
46480,428,-41.285714285714285,27.0,0.2857142857142857
46517,429,-41.285714285714285,27.0,0.2857142857142857
46661,430,-41.285714285714285,27.0,0.2857142857142857
46805,431,-28.428571428571423,27.0,0.2857142857142857
46851,432,-41.285714285714285,27.0,0.2857142857142857
46954,433,-41.285714285714285,27.0,0.2857142857142857
47098,434,-41.285714285714285,27.0,0.2857142857142857
47224,435,-41.285714285714285,27.0,0.2857142857142857
47317,436,-41.285714285714285,27.0,0.2857142857142857
47360,437,-41.285714285714285,27.0,0.2857142857142857
47481,438,-41.285714285714285,27.0,0.2857142857142857
47625,439,-41.285714285714285,27.0,0.2857142857142857
47713,440,-41.285714285714285,27.0,0.2857142857142857
47830,441,-41.285714285714285,27.0,0.2857142857142857
47948,442,-41.285714285714285,27.0,0.2857142857142857
48070,443,-41.285714285714285,27.0,0.2857142857142857
48175,444,-41.285714285714285,27.0,0.2857142857142857
48299,445,-41.285714285714285,27.0,0.2857142857142857
48440,446,-41.285714285714285,27.0,0.2857142857142857
48566,447,-28.428571428571423,27.0,0.2857142857142857
48710,448,-41.285714285714285,27.0,0.2857142857142857
48793,449,-41.285714285714285,27.0,0.2857142857142857
48869,450,-41.285714285714285,27.0,0.2857142857142857
48983,451,-41.285714285714285,27.0,0.2857142857142857
49127,452,-41.285714285714285,27.0,0.2857142857142857
49271,453,-41.285714285714285,27.0,0.2857142857142857
49415,454,-41.285714285714285,27.0,0.2857142857142857
49559,455,-41.285714285714285,27.0,0.2857142857142857
49634,456,-41.285714285714285,27.0,0.2857142857142857
49739,457,-41.285714285714285,27.0,0.2857142857142857
49863,458,-41.285714285714285,27.0,0.2857142857142857
49920,459,-41.285714285714285,27.0,0.2857142857142857
50057,460,-41.285714285714285,27.0,0.2857142857142857
50154,461,-30.42857142857143,19.0,0.42857142857142855
50296,462,-41.285714285714285,27.0,0.2857142857142857
50412,463,-41.285714285714285,27.0,0.2857142857142857
50494,464,-41.285714285714285,27.0,0.2857142857142857
50601,465,-41.285714285714285,27.0,0.2857142857142857
50745,466,-41.285714285714285,27.0,0.2857142857142857
50859,467,-41.285714285714285,27.0,0.2857142857142857
50979,468,-41.285714285714285,27.0,0.2857142857142857
51071,469,-41.285714285714285,27.0,0.2857142857142857
51203,470,-41.285714285714285,27.0,0.2857142857142857
51331,471,-41.285714285714285,27.0,0.2857142857142857
51437,472,-41.285714285714285,27.0,0.2857142857142857
51561,473,-41.285714285714285,27.0,0.2857142857142857
51705,474,-41.285714285714285,27.0,0.2857142857142857
51849,475,-30.42857142857143,19.0,0.42857142857142855
51919,476,-41.285714285714285,27.0,0.2857142857142857
51991,477,-41.285714285714285,27.0,0.2857142857142857
52084,478,-41.28571428571429,27.0,0.2857142857142857
52159,479,-41.285714285714285,27.0,0.2857142857142857
52201,480,-41.285714285714285,27.0,0.2857142857142857
52321,481,-41.285714285714285,27.0,0.2857142857142857
52444,482,-41.285714285714285,27.0,0.2857142857142857
52544,483,-41.285714285714285,27.0,0.2857142857142857
52627,484,-41.285714285714285,27.0,0.2857142857142857
52666,485,-41.285714285714285,27.0,0.2857142857142857
52810,486,-41.285714285714285,27.0,0.2857142857142857
52892,487,-41.285714285714285,27.0,0.2857142857142857
53036,488,-41.285714285714285,27.0,0.2857142857142857
53164,489,-41.285714285714285,27.0,0.2857142857142857
53216,490,-41.285714285714285,27.0,0.2857142857142857
53323,491,-41.285714285714285,27.0,0.2857142857142857
53467,492,-41.285714285714285,27.0,0.2857142857142857
53611,493,-41.285714285714285,27.0,0.2857142857142857
53717,494,-41.285714285714285,27.0,0.2857142857142857
53764,495,-41.285714285714285,27.0,0.2857142857142857
53849,496,-41.285714285714285,27.0,0.2857142857142857
53993,497,-41.285714285714285,27.0,0.2857142857142857
54125,498,-41.285714285714285,27.0,0.2857142857142857
54239,499,-41.285714285714285,27.0,0.2857142857142857
54383,500,-26.57142857142857,27.0,0.2857142857142857
54508,501,-41.285714285714285,27.0,0.2857142857142857
54591,502,-41.285714285714285,27.0,0.2857142857142857
54735,503,-41.285714285714285,27.0,0.2857142857142857
54879,504,-41.285714285714285,27.0,0.2857142857142857
55023,505,-28.428571428571423,27.0,0.2857142857142857
55144,506,-41.285714285714285,27.0,0.2857142857142857
55232,507,-41.285714285714285,27.0,0.2857142857142857
55261,508,-41.285714285714285,27.0,0.2857142857142857
55405,509,-41.285714285714285,27.0,0.2857142857142857
55531,510,-41.285714285714285,27.0,0.2857142857142857
55675,511,-41.285714285714285,27.0,0.2857142857142857
55819,512,-41.285714285714285,27.0,0.2857142857142857
55963,513,-41.285714285714285,27.0,0.2857142857142857
56107,514,-41.285714285714285,27.0,0.2857142857142857
56251,515,-41.285714285714285,27.0,0.2857142857142857
56316,516,-41.285714285714285,27.0,0.2857142857142857
56456,517,-41.285714285714285,27.0,0.2857142857142857
56581,518,-41.285714285714285,27.0,0.2857142857142857
56725,519,-41.285714285714285,27.0,0.2857142857142857
56819,520,-41.285714285714285,27.0,0.2857142857142857
56926,521,-41.285714285714285,27.0,0.2857142857142857
57011,522,-41.28571428571429,27.0,0.2857142857142857
57092,523,-41.285714285714285,27.0,0.2857142857142857
57236,524,-41.285714285714285,27.0,0.2857142857142857
57322,525,-41.285714285714285,27.0,0.2857142857142857
57345,526,-41.285714285714285,27.0,0.2857142857142857
57489,527,-41.285714285714285,27.0,0.2857142857142857
57607,528,-41.48571428571429,27.0,0.2857142857142857
57747,529,-41.285714285714285,27.0,0.2857142857142857
57891,530,-41.285714285714285,27.0,0.2857142857142857
58035,531,-41.285714285714285,27.0,0.2857142857142857
58179,532,-41.285714285714285,27.0,0.2857142857142857
58215,533,-41.285714285714285,27.0,0.2857142857142857
58346,534,-26.67142857142857,27.0,0.2857142857142857
58410,535,-41.28571428571429,27.0,0.2857142857142857
58537,536,-34.528571428571425,27.0,0.2857142857142857
58661,537,-41.285714285714285,27.0,0.2857142857142857
58805,538,-41.285714285714285,27.0,0.2857142857142857
58860,539,-41.285714285714285,27.0,0.2857142857142857
59004,540,-41.68571428571428,27.0,0.2857142857142857
59055,541,-41.285714285714285,27.0,0.2857142857142857
59158,542,-41.285714285714285,27.0,0.2857142857142857
59258,543,-42.985714285714295,27.0,0.2857142857142857
59312,544,-41.285714285714285,27.0,0.2857142857142857
59343,545,-41.285714285714285,27.0,0.2857142857142857
59399,546,-41.285714285714285,27.0,0.2857142857142857
59490,547,-41.385714285714286,27.0,0.2857142857142857
59597,548,-41.48571428571428,27.0,0.2857142857142857
59675,549,-41.285714285714285,27.0,0.2857142857142857
59819,550,-41.285714285714285,27.0,0.2857142857142857
59942,551,-42.5857142857143,27.0,0.2857142857142857
60006,552,-41.28571428571429,27.0,0.2857142857142857
60137,553,-41.48571428571428,27.0,0.2857142857142857
60190,554,-41.285714285714285,27.0,0.2857142857142857
60307,555,-43.98571428571428,27.0,0.2857142857142857
60420,556,-41.285714285714285,27.0,0.2857142857142857
60512,557,-41.285714285714285,27.0,0.2857142857142857
60656,558,-41.285714285714285,27.0,0.2857142857142857
60800,559,-41.58571428571429,27.0,0.2857142857142857
60919,560,-41.48571428571428,27.0,0.2857142857142857
61035,561,-18.42857142857143,7.0,0.42857142857142855
61126,562,-42.98571428571431,27.0,0.2857142857142857
61269,563,-30.42857142857143,19.0,0.42857142857142855
61366,564,-41.285714285714285,27.0,0.2857142857142857
61498,565,-32.42857142857143,21.0,0.42857142857142855
61642,566,-41.78571428571429,27.0,0.2857142857142857
61768,567,-41.88571428571429,27.0,0.2857142857142857
61912,568,-41.78571428571428,27.0,0.2857142857142857
61963,569,-41.285714285714285,27.0,0.2857142857142857
62072,570,-41.385714285714286,27.0,0.2857142857142857
62112,571,-41.285714285714285,27.0,0.2857142857142857
62158,572,-41.28571428571429,27.0,0.2857142857142857
62302,573,-41.88571428571428,27.0,0.2857142857142857
62400,574,-41.285714285714285,27.0,0.2857142857142857
62520,575,-28.528571428571425,27.0,0.2857142857142857
62664,576,-42.68571428571429,27.0,0.2857142857142857
62723,577,-41.28571428571429,27.0,0.2857142857142857
62808,578,-41.285714285714285,27.0,0.2857142857142857
62952,579,-42.085714285714296,27.0,0.2857142857142857
63058,580,-42.085714285714296,27.0,0.2857142857142857
63159,581,-41.88571428571428,27.0,0.2857142857142857
63257,582,-41.58571428571428,27.0,0.2857142857142857
63399,583,-19.728571428571428,7.0,0.42857142857142855
63543,584,-34.42857142857142,27.0,0.2857142857142857
63687,585,-41.68571428571429,27.0,0.2857142857142857
63831,586,-41.68571428571428,27.0,0.2857142857142857
63931,587,-41.285714285714285,27.0,0.2857142857142857
64075,588,-43.2857142857143,27.0,0.2857142857142857
64170,589,-41.285714285714285,27.0,0.2857142857142857
64296,590,-41.285714285714285,27.0,0.2857142857142857
64439,591,-41.285714285714285,27.0,0.2857142857142857
64511,592,-19.228571428571428,7.0,0.42857142857142855
64627,593,-41.58571428571428,27.0,0.2857142857142857
64771,594,-41.48571428571428,27.0,0.2857142857142857
64891,595,-41.285714285714285,27.0,0.2857142857142857
65013,596,-19.228571428571428,7.0,0.42857142857142855
65052,597,-41.385714285714286,27.0,0.2857142857142857
65089,598,-41.285714285714285,27.0,0.2857142857142857
65212,599,-30.42857142857143,19.0,0.42857142857142855
65345,600,-18.928571428571427,7.0,0.42857142857142855
65453,601,4.485714285714285,-11.0,0.7142857142857143
65526,602,-41.385714285714286,27.0,0.2857142857142857
65599,603,-41.285714285714285,27.0,0.2857142857142857
65686,604,-18.928571428571427,7.0,0.42857142857142855
65830,605,-30.42857142857143,19.0,0.42857142857142855
65953,606,-18.42857142857143,7.0,0.42857142857142855
66068,607,-41.285714285714285,27.0,0.2857142857142857
66125,608,-30.42857142857143,19.0,0.42857142857142855
66263,609,-41.285714285714285,27.0,0.2857142857142857
66343,610,-41.285714285714285,27.0,0.2857142857142857
66463,611,-26.42857142857143,15.0,0.42857142857142855
66607,612,7.285714285714285,-13.0,0.7142857142857143
66751,613,-32.72857142857143,21.0,0.42857142857142855
66876,614,-41.285714285714285,27.0,0.2857142857142857
66986,615,-41.285714285714285,27.0,0.2857142857142857
67130,616,-41.285714285714285,27.0,0.2857142857142857
67229,617,-20.571428571428577,15.0,0.42857142857142855
67373,618,-28.428571428571423,27.0,0.2857142857142857
67493,619,-32.42857142857143,21.0,0.42857142857142855
67631,620,-21.27142857142858,12.0,0.5714285714285714
67728,621,-41.285714285714285,27.0,0.2857142857142857
67872,622,-41.285714285714285,27.0,0.2857142857142857
67977,623,-41.285714285714285,27.0,0.2857142857142857
68111,624,-41.285714285714285,27.0,0.2857142857142857
68201,625,-41.285714285714285,27.0,0.2857142857142857
68263,626,-26.628571428571426,15.0,0.42857142857142855
68374,627,-34.42857142857143,27.0,0.2857142857142857
68491,628,-41.285714285714285,27.0,0.2857142857142857
68617,629,-18.17142857142857,9.0,0.5714285714285714
68761,630,-41.285714285714285,27.0,0.2857142857142857
68905,631,-41.285714285714285,27.0,0.2857142857142857
68999,632,-42.285714285714285,27.0,0.2857142857142857
69077,633,-21.17142857142857,12.0,0.5714285714285714
69168,634,-41.285714285714285,27.0,0.2857142857142857
69299,635,-32.628571428571426,21.0,0.42857142857142855
69425,636,-41.48571428571428,27.0,0.2857142857142857
69569,637,-42.08571428571428,27.0,0.2857142857142857
69713,638,-17.67142857142857,9.0,0.5714285714285714
69789,639,-41.48571428571428,27.0,0.2857142857142857
69846,640,-41.285714285714285,27.0,0.2857142857142857
69974,641,-41.68571428571428,27.0,0.2857142857142857
70118,642,-41.285714285714285,27.0,0.2857142857142857
70207,643,-41.98571428571428,27.0,0.2857142857142857
70262,644,-41.285714285714285,27.0,0.2857142857142857
70406,645,-41.58571428571428,27.0,0.2857142857142857
70524,646,-41.285714285714285,27.0,0.2857142857142857
70577,647,-26.42857142857143,15.0,0.42857142857142855
70721,648,-18.82857142857143,7.0,0.42857142857142855
70791,649,-41.98571428571428,27.0,0.2857142857142857
70865,650,-41.68571428571428,27.0,0.2857142857142857
70985,651,-27.728571428571428,15.0,0.42857142857142855
71129,652,-26.728571428571428,15.0,0.42857142857142855
71204,653,-41.285714285714285,27.0,0.2857142857142857
71331,654,-42.18571428571428,27.0,0.2857142857142857
71475,655,-41.285714285714285,27.0,0.2857142857142857
71553,656,-41.385714285714286,27.0,0.2857142857142857
71652,657,-41.78571428571428,27.0,0.2857142857142857
71752,658,-41.88571428571428,27.0,0.2857142857142857
71896,659,-41.28571428571429,27.0,0.2857142857142857
71944,660,-41.285714285714285,27.0,0.2857142857142857
71973,661,-41.58571428571429,27.0,0.2857142857142857
72074,662,-41.48571428571428,27.0,0.2857142857142857
72174,663,-42.48571428571428,27.0,0.2857142857142857
72292,664,-41.285714285714285,27.0,0.2857142857142857
72436,665,-41.285714285714285,27.0,0.2857142857142857
72580,666,-41.285714285714285,27.0,0.2857142857142857
72724,667,-41.88571428571428,27.0,0.2857142857142857
72785,668,-41.285714285714285,27.0,0.2857142857142857
72900,669,-26.57142857142857,27.0,0.2857142857142857
72992,670,-41.285714285714285,27.0,0.2857142857142857
73117,671,-41.285714285714285,27.0,0.2857142857142857
73261,672,-41.285714285714285,27.0,0.2857142857142857
73394,673,-41.285714285714285,27.0,0.2857142857142857
73433,674,-41.885714285714286,27.0,0.2857142857142857
73545,675,-41.58571428571429,27.0,0.2857142857142857
73689,676,-41.28571428571429,27.0,0.2857142857142857
73821,677,-41.285714285714285,27.0,0.2857142857142857
73941,678,-41.285714285714285,27.0,0.2857142857142857
74077,679,-41.285714285714285,27.0,0.2857142857142857
74160,680,-41.28571428571429,27.0,0.2857142857142857
74281,681,-41.285714285714285,27.0,0.2857142857142857
74387,682,-41.285714285714285,27.0,0.2857142857142857
74507,683,-41.285714285714285,27.0,0.2857142857142857
74552,684,-41.285714285714285,27.0,0.2857142857142857
74656,685,-41.285714285714285,27.0,0.2857142857142857
74775,686,-41.285714285714285,27.0,0.2857142857142857
74810,687,-41.285714285714285,27.0,0.2857142857142857
74909,688,-41.38571428571428,27.0,0.2857142857142857
75021,689,-41.285714285714285,27.0,0.2857142857142857
75138,690,-41.285714285714285,27.0,0.2857142857142857
75246,691,-41.285714285714285,27.0,0.2857142857142857
75390,692,-41.285714285714285,27.0,0.2857142857142857
75531,693,-41.285714285714285,27.0,0.2857142857142857
75591,694,-41.285714285714285,27.0,0.2857142857142857
75735,695,-41.285714285714285,27.0,0.2857142857142857
75879,696,-41.285714285714285,27.0,0.2857142857142857
76017,697,-41.285714285714285,27.0,0.2857142857142857
76109,698,-41.285714285714285,27.0,0.2857142857142857
76228,699,-41.38571428571428,27.0,0.2857142857142857
76358,700,-41.285714285714285,27.0,0.2857142857142857
76448,701,-41.28571428571429,27.0,0.2857142857142857
76545,702,-41.285714285714285,27.0,0.2857142857142857
76676,703,-41.285714285714285,27.0,0.2857142857142857
76762,704,-41.285714285714285,27.0,0.2857142857142857
76904,705,-41.285714285714285,27.0,0.2857142857142857
77047,706,-41.285714285714285,27.0,0.2857142857142857
77191,707,-41.285714285714285,27.0,0.2857142857142857
77334,708,-41.285714285714285,27.0,0.2857142857142857
77424,709,-41.285714285714285,27.0,0.2857142857142857
77568,710,-41.28571428571429,27.0,0.2857142857142857
77712,711,-41.285714285714285,27.0,0.2857142857142857
77856,712,-41.285714285714285,27.0,0.2857142857142857
77885,713,-41.285714285714285,27.0,0.2857142857142857
78004,714,-26.57142857142857,27.0,0.2857142857142857
78132,715,-41.285714285714285,27.0,0.2857142857142857
78271,716,-41.285714285714285,27.0,0.2857142857142857
78365,717,-41.285714285714285,27.0,0.2857142857142857
78417,718,-41.285714285714285,27.0,0.2857142857142857
78537,719,-41.285714285714285,27.0,0.2857142857142857
78636,720,-41.285714285714285,27.0,0.2857142857142857
78780,721,-41.285714285714285,27.0,0.2857142857142857
78872,722,-41.285714285714285,27.0,0.2857142857142857
79016,723,-41.285714285714285,27.0,0.2857142857142857
79125,724,-41.285714285714285,27.0,0.2857142857142857
79197,725,-41.285714285714285,27.0,0.2857142857142857
79279,726,-41.28571428571429,27.0,0.2857142857142857
79380,727,-41.285714285714285,27.0,0.2857142857142857
79509,728,-34.42857142857142,27.0,0.2857142857142857
79607,729,-41.285714285714285,27.0,0.2857142857142857
79667,730,-41.285714285714285,27.0,0.2857142857142857
79750,731,-41.28571428571429,27.0,0.2857142857142857
79894,732,-41.285714285714285,27.0,0.2857142857142857
79941,733,-41.285714285714285,27.0,0.2857142857142857
80057,734,-41.285714285714285,27.0,0.2857142857142857
80171,735,-41.285714285714285,27.0,0.2857142857142857
80253,736,-41.28571428571429,27.0,0.2857142857142857
80351,737,-41.285714285714285,27.0,0.2857142857142857
80422,738,-41.285714285714285,27.0,0.2857142857142857
80451,739,-41.285714285714285,27.0,0.2857142857142857
80595,740,-41.285714285714285,27.0,0.2857142857142857
80673,741,-41.285714285714285,27.0,0.2857142857142857
80817,742,-30.42857142857143,19.0,0.42857142857142855
80961,743,-41.285714285714285,27.0,0.2857142857142857
81105,744,-41.285714285714285,27.0,0.2857142857142857
81189,745,-41.285714285714285,27.0,0.2857142857142857
81299,746,-41.285714285714285,27.0,0.2857142857142857
81441,747,-28.428571428571423,27.0,0.2857142857142857
81585,748,-18.52857142857143,7.0,0.42857142857142855
81692,749,-41.285714285714285,27.0,0.2857142857142857
81831,750,-41.285714285714285,27.0,0.2857142857142857
81956,751,-41.285714285714285,27.0,0.2857142857142857
82100,752,-41.285714285714285,27.0,0.2857142857142857
82145,753,-41.285714285714285,27.0,0.2857142857142857
82289,754,-41.285714285714285,27.0,0.2857142857142857
82399,755,-41.285714285714285,27.0,0.2857142857142857
82503,756,-41.285714285714285,27.0,0.2857142857142857
82644,757,-34.42857142857142,27.0,0.2857142857142857
82788,758,-30.42857142857143,19.0,0.42857142857142855
82919,759,-41.285714285714285,27.0,0.2857142857142857
83007,760,-41.285714285714285,27.0,0.2857142857142857
83133,761,-30.42857142857143,19.0,0.42857142857142855
83253,762,-41.285714285714285,27.0,0.2857142857142857
83318,763,-41.285714285714285,27.0,0.2857142857142857
83363,764,-41.285714285714285,27.0,0.2857142857142857
83468,765,-41.285714285714285,27.0,0.2857142857142857
83609,766,-41.285714285714285,27.0,0.2857142857142857
83691,767,-41.285714285714285,27.0,0.2857142857142857
83763,768,-41.285714285714285,27.0,0.2857142857142857
83824,769,-41.285714285714285,27.0,0.2857142857142857
83953,770,-41.285714285714285,27.0,0.2857142857142857
84063,771,-41.285714285714285,27.0,0.2857142857142857
84203,772,-30.42857142857143,19.0,0.42857142857142855
84338,773,-28.428571428571423,27.0,0.2857142857142857
84426,774,-41.285714285714285,27.0,0.2857142857142857
84544,775,-41.285714285714285,27.0,0.2857142857142857
84640,776,-30.42857142857143,19.0,0.42857142857142855
84723,777,-41.285714285714285,27.0,0.2857142857142857
84780,778,-9.571428571428573,1.0,0.5714285714285714
84838,779,-41.285714285714285,27.0,0.2857142857142857
84950,780,-41.285714285714285,27.0,0.2857142857142857
85083,781,-41.285714285714285,27.0,0.2857142857142857
85203,782,-41.285714285714285,27.0,0.2857142857142857
85292,783,-41.285714285714285,27.0,0.2857142857142857
85374,784,-41.285714285714285,27.0,0.2857142857142857
85518,785,-41.285714285714285,27.0,0.2857142857142857
85591,786,-41.285714285714285,27.0,0.2857142857142857
85648,787,-41.285714285714285,27.0,0.2857142857142857
85724,788,-41.285714285714285,27.0,0.2857142857142857
85816,789,-41.285714285714285,27.0,0.2857142857142857
85956,790,-41.285714285714285,27.0,0.2857142857142857
86020,791,-41.285714285714285,27.0,0.2857142857142857
86064,792,-41.28571428571429,27.0,0.2857142857142857
86208,793,-41.285714285714285,27.0,0.2857142857142857
86352,794,-31.028571428571425,19.0,0.42857142857142855
86496,795,-30.42857142857143,19.0,0.42857142857142855
86532,796,-41.285714285714285,27.0,0.2857142857142857
86663,797,-30.42857142857143,19.0,0.42857142857142855
86807,798,-30.42857142857143,19.0,0.42857142857142855
86951,799,-41.285714285714285,27.0,0.2857142857142857
87089,800,-21.571428571428573,13.0,0.5714285714285714
87145,801,-41.285714285714285,27.0,0.2857142857142857
87273,802,-41.285714285714285,27.0,0.2857142857142857
87417,803,-30.42857142857143,19.0,0.42857142857142855
87521,804,-41.285714285714285,27.0,0.2857142857142857
87635,805,-41.285714285714285,27.0,0.2857142857142857
87754,806,-30.42857142857143,19.0,0.42857142857142855
87898,807,-41.285714285714285,27.0,0.2857142857142857
87997,808,-41.285714285714285,27.0,0.2857142857142857
88123,809,-30.42857142857143,19.0,0.42857142857142855
88263,810,-41.285714285714285,27.0,0.2857142857142857
88390,811,-41.285714285714285,27.0,0.2857142857142857
88516,812,-30.42857142857143,19.0,0.42857142857142855
88660,813,-41.285714285714285,27.0,0.2857142857142857
88802,814,-30.42857142857143,19.0,0.42857142857142855
88946,815,-30.528571428571425,19.0,0.42857142857142855
89063,816,-41.285714285714285,27.0,0.2857142857142857
89207,817,-41.385714285714286,27.0,0.2857142857142857
89351,818,-41.285714285714285,27.0,0.2857142857142857
89495,819,-41.285714285714285,27.0,0.2857142857142857
89639,820,-41.285714285714285,27.0,0.2857142857142857
89758,821,-41.285714285714285,27.0,0.2857142857142857
89881,822,-41.48571428571428,27.0,0.2857142857142857
89957,823,-41.285714285714285,27.0,0.2857142857142857
90009,824,-41.385714285714286,27.0,0.2857142857142857
90153,825,-42.38571428571429,27.0,0.2857142857142857
90282,826,-34.92857142857142,27.0,0.2857142857142857
90401,827,-26.57142857142857,27.0,0.2857142857142857
90543,828,-42.285714285714285,27.0,0.2857142857142857
90669,829,-41.48571428571428,27.0,0.2857142857142857
90752,830,-41.285714285714285,27.0,0.2857142857142857
90896,831,-30.528571428571425,19.0,0.42857142857142855
90993,832,-41.285714285714285,27.0,0.2857142857142857
91076,833,-41.28571428571429,27.0,0.2857142857142857
91172,834,-41.285714285714285,27.0,0.2857142857142857
91264,835,-41.285714285714285,27.0,0.2857142857142857
91402,836,-41.285714285714285,27.0,0.2857142857142857
91509,837,-41.285714285714285,27.0,0.2857142857142857
91556,838,-41.285714285714285,27.0,0.2857142857142857
91614,839,-41.28571428571429,27.0,0.2857142857142857
91758,840,-41.285714285714285,27.0,0.2857142857142857
91854,841,-41.285714285714285,27.0,0.2857142857142857
91992,842,-41.285714285714285,27.0,0.2857142857142857
92026,843,-41.285714285714285,27.0,0.2857142857142857
92060,844,-41.285714285714285,27.0,0.2857142857142857
92198,845,-41.285714285714285,27.0,0.2857142857142857
92328,846,-41.48571428571429,27.0,0.2857142857142857
92472,847,-42.58571428571429,27.0,0.2857142857142857
92554,848,-41.285714285714285,27.0,0.2857142857142857
92666,849,-41.285714285714285,27.0,0.2857142857142857
92775,850,-41.285714285714285,27.0,0.2857142857142857
92876,851,-41.285714285714285,27.0,0.2857142857142857
92924,852,-41.285714285714285,27.0,0.2857142857142857
93050,853,-30.42857142857143,19.0,0.42857142857142855
93194,854,-41.68571428571429,27.0,0.2857142857142857
93338,855,-33.52857142857144,19.0,0.42857142857142855
93462,856,-41.285714285714285,27.0,0.2857142857142857
93517,857,-41.285714285714285,27.0,0.2857142857142857
93661,858,-41.285714285714285,27.0,0.2857142857142857
93768,859,-41.385714285714286,27.0,0.2857142857142857
93896,860,-41.58571428571429,27.0,0.2857142857142857
93993,861,-30.42857142857143,19.0,0.42857142857142855
94058,862,-41.285714285714285,27.0,0.2857142857142857
94183,863,-41.285714285714285,27.0,0.2857142857142857
94307,864,-41.285714285714285,27.0,0.2857142857142857
94440,865,-41.285714285714285,27.0,0.2857142857142857
94571,866,-41.285714285714285,27.0,0.2857142857142857
94707,867,-41.285714285714285,27.0,0.2857142857142857
94795,868,-41.285714285714285,27.0,0.2857142857142857
94939,869,-41.285714285714285,27.0,0.2857142857142857
95022,870,-41.28571428571429,27.0,0.2857142857142857
95166,871,-41.285714285714285,27.0,0.2857142857142857
95192,872,-41.285714285714285,27.0,0.2857142857142857
95223,873,-41.285714285714285,27.0,0.2857142857142857
95367,874,-41.285714285714285,27.0,0.2857142857142857
95506,875,-41.285714285714285,27.0,0.2857142857142857
95627,876,-41.285714285714285,27.0,0.2857142857142857
95764,877,-34.42857142857142,27.0,0.2857142857142857
95842,878,-41.285714285714285,27.0,0.2857142857142857
95980,879,-41.285714285714285,27.0,0.2857142857142857
96099,880,-41.285714285714285,27.0,0.2857142857142857
96181,881,-41.285714285714285,27.0,0.2857142857142857
96325,882,-41.285714285714285,27.0,0.2857142857142857
96398,883,-41.285714285714285,27.0,0.2857142857142857
96515,884,-41.28571428571429,27.0,0.2857142857142857
96627,885,-41.285714285714285,27.0,0.2857142857142857
96769,886,-41.285714285714285,27.0,0.2857142857142857
96883,887,-41.285714285714285,27.0,0.2857142857142857
96954,888,-41.285714285714285,27.0,0.2857142857142857
97085,889,-30.42857142857143,19.0,0.42857142857142855
97183,890,-30.42857142857143,19.0,0.42857142857142855
97296,891,-41.285714285714285,27.0,0.2857142857142857
97402,892,-28.428571428571423,27.0,0.2857142857142857
97497,893,-41.285714285714285,27.0,0.2857142857142857
97602,894,-41.285714285714285,27.0,0.2857142857142857
97707,895,-34.42857142857143,27.0,0.2857142857142857
97775,896,-41.285714285714285,27.0,0.2857142857142857
97919,897,-30.42857142857143,19.0,0.42857142857142855
98043,898,-41.285714285714285,27.0,0.2857142857142857
98187,899,-30.42857142857143,19.0,0.42857142857142855
98309,900,-41.285714285714285,27.0,0.2857142857142857
98365,901,-41.285714285714285,27.0,0.2857142857142857
98486,902,-41.285714285714285,27.0,0.2857142857142857
98605,903,-41.285714285714285,27.0,0.2857142857142857
98723,904,-41.285714285714285,27.0,0.2857142857142857
98833,905,-41.285714285714285,27.0,0.2857142857142857
98937,906,-30.628571428571433,19.0,0.42857142857142855
99081,907,-41.285714285714285,27.0,0.2857142857142857
99199,908,-30.42857142857143,19.0,0.42857142857142855
99343,909,-30.42857142857143,19.0,0.42857142857142855
99487,910,-41.285714285714285,27.0,0.2857142857142857
99593,911,-41.285714285714285,27.0,0.2857142857142857
99737,912,-30.528571428571432,19.0,0.42857142857142855
99881,913,-30.528571428571425,19.0,0.42857142857142855
