fueltype,mon,jd,M,jd_min,lat,lon,elev,ffmc,ws,waz,bui,ps,saz,pc,pdf,gfl,cur,time,pattern
NF,,,,,41.421875,-124.414062,0,,,,,0,0,,,,,20,
NF,,,,,41.421875,-124.242188,0,,,,,0,0,,,,,20,
O1b,,,,,41.421875,-124.070312,91,,,,,12,86,,,0.35,60.0,20,
C3,,,,,41.421875,-123.898438,432,,,,,38,57,,,,,20,
C3,,,,,41.421875,-123.726562,961,,,,,41,102,,,,,20,
C3,,,,,41.421875,-123.554688,758,,,,,41,283,,,,,20,
C3,,,,,41.421875,-123.382812,959,,,,,49,51,,,,,20,
C3,,,,,41.421875,-123.210938,1497,,,,,50,113,,,,,20,
C5,,,,,41.421875,-123.039062,1610,,,,,49,45,,,,,20,
C5,,,,,41.421875,-122.867188,1098,,,,,23,245,,,,,20,
C5,,,,,41.421875,-122.695312,1375,,,,,29,87,,,,,20,
C7,,,,,41.421875,-122.523438,1532,,,,,32,205,,,,,20,
C7,,,,,41.421875,-122.351562,1279,,,,,14,106,,,,,20,
C7,,,,,41.421875,-122.179688,2296,,,,,27,221,,,,,20,
C5,,,,,41.421875,-122.007812,1645,,,,,16,332,,,,,20,
C5,,,,,41.421875,-121.835938,1549,,,,,11,331,,,,,20,
C5,,,,,41.421875,-121.664062,1425,,,,,5,348,,,,,20,
C5,,,,,41.421875,-121.492188,1401,,,,,5,345,,,,,20,
C5,,,,,41.421875,-121.320312,1338,,,,,2,91,,,,,20,
C7,,,,,41.421875,-121.148438,1446,,,,,8,60,,,,,20,
C7,,,,,41.421875,-120.976562,1448,,,,,13,256,,,,,20,
C7,,,,,41.421875,-120.804688,1417,,,,,9,205,,,,,20,
C7,,,,,41.421875,-120.632812,1369,,,,,6,213,,,,,20,
C7,,,,,41.421875,-120.460938,1428,,,,,4,103,,,,,20,
C7,,,,,41.421875,-120.289062,1978,,,,,19,110,,,,,20,
O1b,,,,,41.421875,-120.117188,1516,,,,,12,250,,,0.35,60.0,20,
O1b,,,,,41.421875,-119.945312,1701,,,,,12,101,,,0.35,60.0,20,
O1b,,,,,41.421875,-119.773438,1765,,,,,6,198,,,0.35,60.0,20,
O1b,,,,,41.421875,-119.601562,1844,,,,,9,37,,,0.35,60.0,20,
O1a,,,,,41.421875,-119.429688,1730,,,,,11,266,,,0.35,60.0,20,
O1a,,,,,41.421875,-119.257812,1725,,,,,13,332,,,0.35,60.0,20,
O1a,,,,,41.421875,-119.085938,1766,,,,,19,82,,,0.35,60.0,20,
NF,,,,,41.265625,-124.414062,0,,,,,0,0,,,,,20,
NF,,,,,41.265625,-124.242188,0,,,,,0,0,,,,,20,
C7,,,,,41.265625,-124.070312,140,,,,,17,108,,,,,20,
C3,,,,,41.265625,-123.898438,474,,,,,35,123,,,,,20,
C3,,,,,41.265625,-123.726562,647,,,,,33,334,,,,,20,
C3,,,,,41.265625,-123.554688,649,,,,,46,106,,,,,20,
C3,,,,,41.265625,-123.382812,1005,,,,,52,222,,,,,20,
C3,,,,,41.265625,-123.210938,1041,,,,,44,43,,,,,20,
C3,,,,,41.265625,-123.039062,1513,,,,,47,91,,,,,20,
C5,,,,,41.265625,-122.867188,1655,,,,,35,203,,,,,20,
C5,,,,,41.265625,-122.695312,1562,,,,,34,228,,,,,20,
C5,,,,,41.265625,-122.523438,1898,,,,,31,34,,,,,20,
C5,,,,,41.265625,-122.351562,1318,,,,,28,275,,,,,20,
C5,,,,,41.265625,-122.179688,1264,,,,,18,359,,,,,20,
C3,,,,,41.265625,-122.007812,1141,,,,,8,74,,,,,20,
C3,,,,,41.265625,-121.835938,1333,,,,,11,82,,,,,20,
C5,,,,,41.265625,-121.664062,1272,,,,,7,289,,,,,20,
C5,,,,,41.265625,-121.492188,1239,,,,,8,28,,,,,20,
C5,,,,,41.265625,-121.320312,1359,,,,,10,116,,,,,20,
C7,,,,,41.265625,-121.148438,1321,,,,,6,59,,,,,20,
C7,,,,,41.265625,-120.976562,1470,,,,,15,335,,,,,20,
C5,,,,,41.265625,-120.804688,1729,,,,,17,94,,,,,20,
C7,,,,,41.265625,-120.632812,1604,,,,,9,229,,,,,20,
C7,,,,,41.265625,-120.460938,1453,,,,,5,99,,,,,20,
C5,,,,,41.265625,-120.289062,1913,,,,,17,77,,,,,20,
C7,,,,,41.265625,-120.117188,1834,,,,,19,260,,,,,20,
O1b,,,,,41.265625,-119.945312,1800,,,,,15,72,,,0.35,60.0,20,
O1b,,,,,41.265625,-119.773438,1856,,,,,12,304,,,0.35,60.0,20,
O1b,,,,,41.265625,-119.601562,1818,,,,,9,317,,,0.35,60.0,20,
O1b,,,,,41.265625,-119.429688,1773,,,,,12,251,,,0.35,60.0,20,
O1a,,,,,41.265625,-119.257812,1576,,,,,16,245,,,0.35,60.0,20,
O1a,,,,,41.265625,-119.085938,1633,,,,,18,43,,,0.35,60.0,20,
NF,,,,,41.109375,-124.414062,0,,,,,0,0,,,,,20,
NF,,,,,41.109375,-124.242188,1,,,,,0,0,,,,,20,
C5,,,,,41.109375,-124.070312,249,,,,,19,77,,,,,20,
C3,,,,,41.109375,-123.898438,544,,,,,31,83,,,,,20,
C3,,,,,41.109375,-123.726562,528,,,,,36,201,,,,,20,
C3,,,,,41.109375,-123.554688,1081,,,,,41,88,,,,,20,
C3,,,,,41.109375,-123.382812,1310,,,,,48,276,,,,,20,
C3,,,,,41.109375,-123.210938,1296,,,,,45,180,,,,,20,
C5,,,,,41.109375,-123.039062,1453,,,,,43,111,,,,,20,
C5,,,,,41.109375,-122.867188,1761,,,,,39,259,,,,,20,
C5,,,,,41.109375,-122.695312,1307,,,,,38,343,,,,,20,
C5,,,,,41.109375,-122.523438,1574,,,,,32,8,,,,,20,
C3,,,,,41.109375,-122.351562,1021,,,,,38,304,,,,,20,
C3,,,,,41.109375,-122.179688,993,,,,,42,265,,,,,20,
C3,,,,,41.109375,-122.007812,1131,,,,,36,346,,,,,20,
C3,,,,,41.109375,-121.835938,1270,,,,,27,50,,,,,20,
C3,,,,,41.109375,-121.664062,1219,,,,,14,303,,,,,20,
C5,,,,,41.109375,-121.492188,1052,,,,,4,292,,,,,20,
C5,,,,,41.109375,-121.320312,1227,,,,,11,60,,,,,20,
C7,,,,,41.109375,-121.148438,1291,,,,,4,253,,,,,20,
C7,,,,,41.109375,-120.976562,1409,,,,,9,157,,,,,20,
C7,,,,,41.109375,-120.804688,1620,,,,,15,92,,,,,20,
C7,,,,,41.109375,-120.632812,1771,,,,,12,63,,,,,20,
C7,,,,,41.109375,-120.460938,1729,,,,,11,224,,,,,20,
C5,,,,,41.109375,-120.289062,1910,,,,,13,93,,,,,20,
C7,,,,,41.109375,-120.117188,2034,,,,,18,288,,,,,20,
O1b,,,,,41.109375,-119.945312,1611,,,,,11,297,,,0.35,60.0,20,
O1b,,,,,41.109375,-119.773438,1726,,,,,12,64,,,0.35,60.0,20,
O1b,,,,,41.109375,-119.601562,1800,,,,,10,206,,,0.35,60.0,20,
O1b,,,,,41.109375,-119.429688,1864,,,,,16,273,,,0.35,60.0,20,
O1a,,,,,41.109375,-119.257812,1847,,,,,23,276,,,0.35,60.0,20,
O1a,,,,,41.109375,-119.085938,1249,,,,,5,298,,,0.35,60.0,20,
NF,,,,,40.953125,-124.414062,0,,,,,0,0,,,,,20,
NF,,,,,40.953125,-124.242188,0,,,,,0,0,,,,,20,
C5,,,,,40.953125,-124.070312,92,,,,,10,85,,,,,20,
C3,,,,,40.953125,-123.898438,509,,,,,28,99,,,,,20,
C3,,,,,40.953125,-123.726562,772,,,,,37,221,,,,,20,
C3,,,,,40.953125,-123.554688,676,,,,,42,70,,,,,20,
C3,,,,,40.953125,-123.382812,1006,,,,,48,2,,,,,20,
C3,,,,,40.953125,-123.210938,1344,,,,,48,11,,,,,20,
C5,,,,,40.953125,-123.039062,1749,,,,,54,35,,,,,20,
C5,,,,,40.953125,-122.867188,1681,,,,,40,343,,,,,20,
C3,,,,,40.953125,-122.695312,944,,,,,27,322,,,,,20,
C5,,,,,40.953125,-122.523438,1067,,,,,39,303,,,,,20,
C3,,,,,40.953125,-122.351562,706,,,,,39,38,,,,,20,
C3,,,,,40.953125,-122.179688,786,,,,,43,332,,,,,20,
C3,,,,,40.953125,-122.007812,764,,,,,32,358,,,,,20,
C3,,,,,40.953125,-121.835938,1103,,,,,24,118,,,,,20,
C5,,,,,40.953125,-121.664062,986,,,,,10,262,,,,,20,
C5,,,,,40.953125,-121.492188,1044,,,,,9,108,,,,,20,
C7,,,,,40.953125,-121.320312,1165,,,,,8,143,,,,,20,
C7,,,,,40.953125,-121.148438,1423,,,,,12,99,,,,,20,
C7,,,,,40.953125,-120.976562,1626,,,,,9,44,,,,,20,
C7,,,,,40.953125,-120.804688,1762,,,,,13,114,,,,,20,
C7,,,,,40.953125,-120.632812,1700,,,,,9,301,,,,,20,
C7,,,,,40.953125,-120.460938,1744,,,,,9,77,,,,,20,
C7,,,,,40.953125,-120.289062,1762,,,,,7,324,,,,,20,
C7,,,,,40.953125,-120.117188,1837,,,,,12,66,,,,,20,
O1b,,,,,40.953125,-119.945312,1723,,,,,9,208,,,0.35,60.0,20,
O1a,,,,,40.953125,-119.773438,1570,,,,,7,182,,,0.35,60.0,20,
O1b,,,,,40.953125,-119.601562,1813,,,,,14,64,,,0.35,60.0,20,
O1b,,,,,40.953125,-119.429688,1613,,,,,18,276,,,0.35,60.0,20,
O1a,,,,,40.953125,-119.257812,1390,,,,,12,355,,,0.35,60.0,20,
NF,,,,,40.953125,-119.085938,1200,,,,,1,311,,,,,20,
NF,,,,,40.796875,-124.414062,0,,,,,0,0,,,,,20,
O1a,,,,,40.796875,-124.242188,4,,,,,1,125,,,0.35,60.0,20,
C5,,,,,40.796875,-124.070312,144,,,,,16,113,,,,,20,
C3,,,,,40.796875,-123.898438,451,,,,,27,105,,,,,20,
C3,,,,,40.796875,-123.726562,1009,,,,,35,153,,,,,20,
C3,,,,,40.796875,-123.554688,739,,,,,38,217,,,,,20,
C3,,,,,40.796875,-123.382812,929,,,,,48,185,,,,,20,
C3,,,,,40.796875,-123.210938,922,,,,,47,352,,,,,20,
C3,,,,,40.796875,-123.039062,1051,,,,,46,53,,,,,20,
C3,,,,,40.796875,-122.867188,913,,,,,28,300,,,,,20,
C5,,,,,40.796875,-122.695312,944,,,,,36,333,,,,,20,
C5,,,,,40.796875,-122.523438,854,,,,,43,295,,,,,20,
C5,,,,,40.796875,-122.351562,426,,,,,25,331,,,,,20,
C3,,,,,40.796875,-122.179688,512,,,,,30,15,,,,,20,
C3,,,,,40.796875,-122.007812,596,,,,,25,83,,,,,20,
C3,,,,,40.796875,-121.835938,1313,,,,,19,99,,,,,20,
C5,,,,,40.796875,-121.664062,1439,,,,,15,182,,,,,20,
C5,,,,,40.796875,-121.492188,1249,,,,,13,194,,,,,20,
C7,,,,,40.796875,-121.320312,1559,,,,,6,123,,,,,20,
C5,,,,,40.796875,-121.148438,1726,,,,,11,178,,,,,20,
C7,,,,,40.796875,-120.976562,1760,,,,,12,140,,,,,20,
C7,,,,,40.796875,-120.804688,1799,,,,,9,273,,,,,20,
C7,,,,,40.796875,-120.632812,1742,,,,,9,145,,,,,20,
O1b,,,,,40.796875,-120.460938,1724,,,,,8,226,,,0.35,60.0,20,
O1b,,,,,40.796875,-120.289062,1697,,,,,5,137,,,0.35,60.0,20,
O1b,,,,,40.796875,-120.117188,1758,,,,,9,93,,,0.35,60.0,20,
O1b,,,,,40.796875,-119.945312,1779,,,,,8,328,,,0.35,60.0,20,
O1b,,,,,40.796875,-119.773438,1711,,,,,15,67,,,0.35,60.0,20,
O1b,,,,,40.796875,-119.601562,1659,,,,,14,288,,,0.35,60.0,20,
O1b,,,,,40.796875,-119.429688,1707,,,,,25,347,,,0.35,60.0,20,
O1a,,,,,40.796875,-119.257812,1226,,,,,5,265,,,0.35,60.0,20,
NF,,,,,40.796875,-119.085938,1252,,,,,4,154,,,,,20,
NF,,,,,40.640625,-124.414062,1,,,,,0,0,,,,,20,
C7,,,,,40.640625,-124.242188,34,,,,,6,120,,,,,20,
C3,,,,,40.640625,-124.070312,279,,,,,24,84,,,,,20,
C3,,,,,40.640625,-123.898438,577,,,,,30,88,,,,,20,
C3,,,,,40.640625,-123.726562,967,,,,,28,83,,,,,20,
C3,,,,,40.640625,-123.554688,1007,,,,,32,227,,,,,20,
C3,,,,,40.640625,-123.382812,915,,,,,33,55,,,,,20,
C3,,,,,40.640625,-123.210938,1086,,,,,38,56,,,,,20,
C3,,,,,40.640625,-123.039062,954,,,,,36,251,,,,,20,
C3,,,,,40.640625,-122.867188,840,,,,,33,146,,,,,20,
C5,,,,,40.640625,-122.695312,988,,,,,36,202,,,,,20,
C5,,,,,40.640625,-122.523438,528,,,,,27,290,,,,,20,
C7,,,,,40.640625,-122.351562,232,,,,,8,353,,,,,20,
C7,,,,,40.640625,-122.179688,233,,,,,9,22,,,,,20,
C5,,,,,40.640625,-122.007812,481,,,,,13,68,,,,,20,
C3,,,,,40.640625,-121.835938,1058,,,,,18,67,,,,,20,
C3,,,,,40.640625,-121.664062,1731,,,,,17,64,,,,,20,
C5,,,,,40.640625,-121.492188,1637,,,,,14,229,,,,,20,
C7,,,,,40.640625,-121.320312,1743,,,,,10,141,,,,,20,
C5,,,,,40.640625,-121.148438,1812,,,,,9,180,,,,,20,
C5,,,,,40.640625,-120.976562,1814,,,,,9,137,,,,,20,
C7,,,,,40.640625,-120.804688,1663,,,,,9,265,,,,,20,
C7,,,,,40.640625,-120.632812,1720,,,,,13,31,,,,,20,
O1b,,,,,40.640625,-120.460938,1622,,,,,11,326,,,0.35,60.0,20,
O1b,,,,,40.640625,-120.289062,1618,,,,,11,11,,,0.35,60.0,20,
O1b,,,,,40.640625,-120.117188,1651,,,,,13,320,,,0.35,60.0,20,
O1b,,,,,40.640625,-119.945312,1581,,,,,15,344,,,0.35,60.0,20,
O1a,,,,,40.640625,-119.773438,1367,,,,,12,343,,,0.35,60.0,20,
O1a,,,,,40.640625,-119.601562,1282,,,,,7,317,,,0.35,60.0,20,
O1a,,,,,40.640625,-119.429688,1237,,,,,7,345,,,0.35,60.0,20,
O1a,,,,,40.640625,-119.257812,1401,,,,,12,143,,,0.35,60.0,20,
O1a,,,,,40.640625,-119.085938,1559,,,,,10,111,,,0.35,60.0,20,
O1b,,,,,40.484375,-124.414062,78,,,,,9,111,,,0.35,60.0,20,
C3,,,,,40.484375,-124.242188,325,,,,,30,191,,,,,20,
C3,,,,,40.484375,-124.070312,243,,,,,26,175,,,,,20,
C3,,,,,40.484375,-123.898438,443,,,,,28,45,,,,,20,
C3,,,,,40.484375,-123.726562,722,,,,,27,53,,,,,20,
C3,,,,,40.484375,-123.554688,1060,,,,,28,68,,,,,20,
C3,,,,,40.484375,-123.382812,1101,,,,,30,131,,,,,20,
C3,,,,,40.484375,-123.210938,1012,,,,,23,228,,,,,20,
C3,,,,,40.484375,-123.039062,1175,,,,,34,106,,,,,20,
C3,,,,,40.484375,-122.867188,1048,,,,,42,342,,,,,20,
C5,,,,,40.484375,-122.695312,732,,,,,28,325,,,,,20,
C7,,,,,40.484375,-122.523438,317,,,,,12,318,,,,,20,
C7,,,,,40.484375,-122.351562,172,,,,,4,260,,,,,20,
C7,,,,,40.484375,-122.179688,177,,,,,5,81,,,,,20,
C7,,,,,40.484375,-122.007812,473,,,,,12,76,,,,,20,
C5,,,,,40.484375,-121.835938,970,,,,,10,68,,,,,20,
C5,,,,,40.484375,-121.664062,1534,,,,,12,103,,,,,20,
C7,,,,,40.484375,-121.492188,2135,,,,,23,209,,,,,20,
C7,,,,,40.484375,-121.320312,2025,,,,,16,43,,,,,20,
C7,,,,,40.484375,-121.148438,1976,,,,,10,278,,,,,20,
C5,,,,,40.484375,-120.976562,1763,,,,,5,22,,,,,20,
C5,,,,,40.484375,-120.804688,1780,,,,,13,345,,,,,20,
C7,,,,,40.484375,-120.632812,1580,,,,,14,310,,,,,20,
O1b,,,,,40.484375,-120.460938,1449,,,,,10,354,,,0.35,60.0,20,
O1b,,,,,40.484375,-120.289062,1424,,,,,8,252,,,0.35,60.0,20,
O1b,,,,,40.484375,-120.117188,1514,,,,,9,113,,,0.35,60.0,20,
O1a,,,,,40.484375,-119.945312,1526,,,,,14,246,,,0.35,60.0,20,
O1a,,,,,40.484375,-119.773438,1189,,,,,2,287,,,0.35,60.0,20,
O1a,,,,,40.484375,-119.601562,1469,,,,,18,135,,,0.35,60.0,20,
O1a,,,,,40.484375,-119.429688,1309,,,,,8,239,,,0.35,60.0,20,
O1a,,,,,40.484375,-119.257812,1587,,,,,15,163,,,0.35,60.0,20,
O1a,,,,,40.484375,-119.085938,1436,,,,,4,43,,,0.35,60.0,20,
O1b,,,,,40.328125,-124.414062,37,,,,,6,68,,,0.35,60.0,20,
C3,,,,,40.328125,-124.242188,353,,,,,35,60,,,,,20,
C3,,,,,40.328125,-124.070312,532,,,,,36,335,,,,,20,
C3,,,,,40.328125,-123.898438,345,,,,,30,204,,,,,20,
C3,,,,,40.328125,-123.726562,516,,,,,29,42,,,,,20,
C3,,,,,40.328125,-123.554688,1114,,,,,31,78,,,,,20,
C3,,,,,40.328125,-123.382812,1066,,,,,31,35,,,,,20,
C5,,,,,40.328125,-123.210938,1232,,,,,30,122,,,,,20,
C5,,,,,40.328125,-123.039062,1232,,,,,29,240,,,,,20,
C5,,,,,40.328125,-122.867188,780,,,,,29,249,,,,,20,
C7,,,,,40.328125,-122.695312,379,,,,,19,263,,,,,20,
C7,,,,,40.328125,-122.523438,228,,,,,9,254,,,,,20,
C7,,,,,40.328125,-122.351562,176,,,,,5,275,,,,,20,
C7,,,,,40.328125,-122.179688,161,,,,,7,104,,,,,20,
C7,,,,,40.328125,-122.007812,393,,,,,10,98,,,,,20,
C7,,,,,40.328125,-121.835938,795,,,,,19,87,,,,,20,
C5,,,,,40.328125,-121.664062,1527,,,,,20,60,,,,,20,
C5,,,,,40.328125,-121.492188,1640,,,,,21,6,,,,,20,
C7,,,,,40.328125,-121.320312,1604,,,,,13,332,,,,,20,
C7,,,,,40.328125,-121.148438,1569,,,,,8,24,,,,,20,
C5,,,,,40.328125,-120.976562,1637,,,,,10,20,,,,,20,
C5,,,,,40.328125,-120.804688,1749,,,,,22,167,,,,,20,
C7,,,,,40.328125,-120.632812,1636,,,,,17,215,,,,,20,
O1b,,,,,40.328125,-120.460938,1285,,,,,6,239,,,0.35,60.0,20,
O1b,,,,,40.328125,-120.289062,1242,,,,,2,16,,,0.35,60.0,20,
O1b,,,,,40.328125,-120.117188,1551,,,,,17,34,,,0.35,60.0,20,
O1a,,,,,40.328125,-119.945312,1486,,,,,12,314,,,0.35,60.0,20,
O1a,,,,,40.328125,-119.773438,1238,,,,,7,219,,,0.35,60.0,20,
O1a,,,,,40.328125,-119.601562,1522,,,,,20,40,,,0.35,60.0,20,
O1a,,,,,40.328125,-119.429688,1399,,,,,15,233,,,0.35,60.0,20,
O1a,,,,,40.328125,-119.257812,1443,,,,,11,33,,,0.35,60.0,20,
O1a,,,,,40.328125,-119.085938,1464,,,,,10,189,,,0.35,60.0,20,
NF,,,,,40.171875,-124.414062,1,,,,,0,0,,,,,20,
C7,,,,,40.171875,-124.242188,190,,,,,22,50,,,,,20,
C3,,,,,40.171875,-124.070312,404,,,,,37,41,,,,,20,
C3,,,,,40.171875,-123.898438,360,,,,,28,301,,,,,20,
C3,,,,,40.171875,-123.726562,467,,,,,29,159,,,,,20,
C3,,,,,40.171875,-123.554688,566,,,,,27,59,,,,,20,
C5,,,,,40.171875,-123.382812,872,,,,,28,347,,,,,20,
C5,,,,,40.171875,-123.210938,1164,,,,,33,84,,,,,20,
C5,,,,,40.171875,-123.039062,1524,,,,,35,132,,,,,20,
C5,,,,,40.171875,-122.867188,1315,,,,,38,260,,,,,20,
C7,,,,,40.171875,-122.695312,550,,,,,25,234,,,,,20,
C7,,,,,40.171875,-122.523438,267,,,,,10,271,,,,,20,
C7,,,,,40.171875,-122.351562,159,,,,,5,290,,,,,20,
C7,,,,,40.171875,-122.179688,111,,,,,4,33,,,,,20,
O1b,,,,,40.171875,-122.007812,342,,,,,16,73,,,0.35,60.0,20,
O1b,,,,,40.171875,-121.835938,694,,,,,24,76,,,0.35,60.0,20,
C7,,,,,40.171875,-121.664062,1122,,,,,28,50,,,,,20,
C5,,,,,40.171875,-121.492188,1608,,,,,26,96,,,,,20,
C7,,,,,40.171875,-121.320312,1674,,,,,18,250,,,,,20,
C7,,,,,40.171875,-121.148438,1423,,,,,19,76,,,,,20,
C5,,,,,40.171875,-120.976562,1523,,,,,22,328,,,,,20,
C5,,,,,40.171875,-120.804688,1522,,,,,29,56,,,,,20,
C5,,,,,40.171875,-120.632812,1754,,,,,20,308,,,,,20,
C7,,,,,40.171875,-120.460938,1687,,,,,15,226,,,,,20,
O1b,,,,,40.171875,-120.289062,1357,,,,,8,207,,,0.35,60.0,20,
O1a,,,,,40.171875,-120.117188,1236,,,,,1,184,,,0.35,60.0,20,
O1a,,,,,40.171875,-119.945312,1242,,,,,2,41,,,0.35,60.0,20,
O1a,,,,,40.171875,-119.773438,1341,,,,,14,207,,,0.35,60.0,20,
O1a,,,,,40.171875,-119.601562,1188,,,,,3,2,,,0.35,60.0,20,
O1a,,,,,40.171875,-119.429688,1566,,,,,26,318,,,0.35,60.0,20,
O1a,,,,,40.171875,-119.257812,1493,,,,,16,102,,,0.35,60.0,20,
O1a,,,,,40.171875,-119.085938,1645,,,,,16,277,,,0.35,60.0,20,
NF,,,,,40.015625,-124.414062,0,,,,,0,0,,,,,20,
NF,,,,,40.015625,-124.242188,0,,,,,0,0,,,,,20,
C7,,,,,40.015625,-124.070312,139,,,,,14,49,,,,,20,
C3,,,,,40.015625,-123.898438,357,,,,,29,135,,,,,20,
C3,,,,,40.015625,-123.726562,465,,,,,31,94,,,,,20,
C3,,,,,40.015625,-123.554688,569,,,,,31,197,,,,,20,
C5,,,,,40.015625,-123.382812,752,,,,,27,31,,,,,20,
C5,,,,,40.015625,-123.210938,1107,,,,,33,81,,,,,20,
C5,,,,,40.015625,-123.039062,1550,,,,,32,59,,,,,20,
C5,,,,,40.015625,-122.867188,1616,,,,,37,228,,,,,20,
C5,,,,,40.015625,-122.695312,1091,,,,,32,253,,,,,20,
C7,,,,,40.015625,-122.523438,286,,,,,13,262,,,,,20,
O1b,,,,,40.015625,-122.351562,157,,,,,5,268,,,0.35,60.0,20,
C7,,,,,40.015625,-122.179688,83,,,,,1,266,,,,,20,
O1b,,,,,40.015625,-122.007812,149,,,,,6,57,,,0.35,60.0,20,
O1b,,,,,40.015625,-121.835938,529,,,,,24,71,,,0.35,60.0,20,
C7,,,,,40.015625,-121.664062,993,,,,,27,78,,,,,20,
C5,,,,,40.015625,-121.492188,1583,,,,,20,74,,,,,20,
C5,,,,,40.015625,-121.320312,1551,,,,,36,310,,,,,20,
C5,,,,,40.015625,-121.148438,1419,,,,,38,206,,,,,20,
C5,,,,,40.015625,-120.976562,1280,,,,,28,29,,,,,20,
C5,,,,,40.015625,-120.804688,1585,,,,,30,146,,,,,20,
C5,,,,,40.015625,-120.632812,1770,,,,,27,114,,,,,20,
C7,,,,,40.015625,-120.460938,1777,,,,,13,69,,,,,20,
C7,,,,,40.015625,-120.289062,1948,,,,,20,185,,,,,20,
O1b,,,,,40.015625,-120.117188,1570,,,,,18,210,,,0.35,60.0,20,
O1b,,,,,40.015625,-119.945312,1574,,,,,17,136,,,0.35,60.0,20,
O1b,,,,,40.015625,-119.773438,1914,,,,,27,222,,,0.35,60.0,20,
O1a,,,,,40.015625,-119.601562,1244,,,,,7,252,,,0.35,60.0,20,
O1a,,,,,40.015625,-119.429688,1360,,,,,17,358,,,0.35,60.0,20,
O1a,,,,,40.015625,-119.257812,1488,,,,,15,81,,,0.35,60.0,20,
O1a,,,,,40.015625,-119.085938,1565,,,,,8,300,,,0.35,60.0,20,
NF,,,,,39.859375,-124.414062,0,,,,,0,0,,,,,20,
NF,,,,,39.859375,-124.242188,0,,,,,0,0,,,,,20,
NF,,,,,39.859375,-124.070312,0,,,,,0,0,,,,,20,
C7,,,,,39.859375,-123.898438,141,,,,,18,53,,,,,20,
C3,,,,,39.859375,-123.726562,502,,,,,35,92,,,,,20,
C3,,,,,39.859375,-123.554688,777,,,,,32,212,,,,,20,
C3,,,,,39.859375,-123.382812,727,,,,,29,162,,,,,20,
C3,,,,,39.859375,-123.210938,748,,,,,22,13,,,,,20,
C5,,,,,39.859375,-123.039062,1125,,,,,33,69,,,,,20,
C5,,,,,39.859375,-122.867188,1352,,,,,33,300,,,,,20,
C5,,,,,39.859375,-122.695312,1018,,,,,31,281,,,,,20,
O1b,,,,,39.859375,-122.523438,258,,,,,11,280,,,0.35,60.0,20,
O1b,,,,,39.859375,-122.351562,153,,,,,5,268,,,0.35,60.0,20,
C7,,,,,39.859375,-122.179688,80,,,,,1,276,,,,,20,
C7,,,,,39.859375,-122.007812,58,,,,,1,37,,,,,20,
O1b,,,,,39.859375,-121.835938,234,,,,,13,56,,,0.35,60.0,20,
C5,,,,,39.859375,-121.664062,625,,,,,25,44,,,,,20,
C3,,,,,39.859375,-121.492188,1008,,,,,28,25,,,,,20,
C5,,,,,39.859375,-121.320312,1297,,,,,37,82,,,,,20,
C5,,,,,39.859375,-121.148438,1596,,,,,27,331,,,,,20,
C3,,,,,39.859375,-120.976562,1501,,,,,33,155,,,,,20,
C3,,,,,39.859375,-120.804688,1522,,,,,29,183,,,,,20,
C5,,,,,39.859375,-120.632812,1746,,,,,23,29,,,,,20,
C5,,,,,39.859375,-120.460938,1714,,,,,16,319,,,,,20,
C7,,,,,39.859375,-120.289062,1729,,,,,15,357,,,,,20,
C7,,,,,39.859375,-120.117188,1692,,,,,17,331,,,,,20,
O1b,,,,,39.859375,-119.945312,1650,,,,,17,145,,,0.35,60.0,20,
O1b,,,,,39.859375,-119.773438,1608,,,,,16,303,,,0.35,60.0,20,
O1a,,,,,39.859375,-119.601562,1492,,,,,19,160,,,0.35,60.0,20,
O1a,,,,,39.859375,-119.429688,1346,,,,,11,214,,,0.35,60.0,20,
O1a,,,,,39.859375,-119.257812,1452,,,,,14,92,,,0.35,60.0,20,
O1a,,,,,39.859375,-119.085938,1451,,,,,11,268,,,0.35,60.0,20,
NF,,,,,39.703125,-124.414062,0,,,,,0,0,,,,,20,
NF,,,,,39.703125,-124.242188,0,,,,,0,0,,,,,20,
NF,,,,,39.703125,-124.070312,0,,,,,0,0,,,,,20,
O1a,,,,,39.703125,-123.898438,7,,,,,2,80,,,0.35,60.0,20,
C3,,,,,39.703125,-123.726562,379,,,,,33,62,,,,,20,
C3,,,,,39.703125,-123.554688,656,,,,,26,44,,,,,20,
C3,,,,,39.703125,-123.382812,683,,,,,31,37,,,,,20,
C5,,,,,39.703125,-123.210938,632,,,,,21,211,,,,,20,
C5,,,,,39.703125,-123.039062,1094,,,,,32,103,,,,,20,
C5,,,,,39.703125,-122.867188,1456,,,,,33,173,,,,,20,
C5,,,,,39.703125,-122.695312,918,,,,,34,263,,,,,20,
O1b,,,,,39.703125,-122.523438,307,,,,,16,265,,,0.35,60.0,20,
O1b,,,,,39.703125,-122.351562,155,,,,,7,273,,,0.35,60.0,20,
C7,,,,,39.703125,-122.179688,66,,,,,0,0,,,,,20,
C5,,,,,39.703125,-122.007812,44,,,,,1,304,,,,,20,
C7,,,,,39.703125,-121.835938,61,,,,,1,60,,,,,20,
C7,,,,,39.703125,-121.664062,239,,,,,15,43,,,,,20,
C5,,,,,39.703125,-121.492188,550,,,,,27,54,,,,,20,
C3,,,,,39.703125,-121.320312,892,,,,,33,47,,,,,20,
C5,,,,,39.703125,-121.148438,1326,,,,,28,83,,,,,20,
C3,,,,,39.703125,-120.976562,1579,,,,,25,42,,,,,20,
C3,,,,,39.703125,-120.804688,1827,,,,,36,48,,,,,20,
C5,,,,,39.703125,-120.632812,1823,,,,,21,219,,,,,20,
C5,,,,,39.703125,-120.460938,1656,,,,,15,236,,,,,20,
C7,,,,,39.703125,-120.289062,1547,,,,,7,148,,,,,20,
C7,,,,,39.703125,-120.117188,1795,,,,,21,181,,,,,20,
O1b,,,,,39.703125,-119.945312,1674,,,,,13,16,,,0.35,60.0,20,
O1b,,,,,39.703125,-119.773438,1561,,,,,11,287,,,0.35,60.0,20,
O1b,,,,,39.703125,-119.601562,1632,,,,,15,115,,,0.35,60.0,20,
O1b,,,,,39.703125,-119.429688,1818,,,,,22,271,,,0.35,60.0,20,
O1a,,,,,39.703125,-119.257812,1414,,,,,14,69,,,0.35,60.0,20,
O1a,,,,,39.703125,-119.085938,1380,,,,,12,293,,,0.35,60.0,20,
NF,,,,,39.546875,-124.414062,0,,,,,0,0,,,,,20,
NF,,,,,39.546875,-124.242188,0,,,,,0,0,,,,,20,
NF,,,,,39.546875,-124.070312,0,,,,,0,0,,,,,20,
NF,,,,,39.546875,-123.898438,0,,,,,0,0,,,,,20,
C5,,,,,39.546875,-123.726562,137,,,,,25,71,,,,,20,
C3,,,,,39.546875,-123.554688,466,,,,,31,60,,,,,20,
C3,,,,,39.546875,-123.382812,622,,,,,27,220,,,,,20,
C3,,,,,39.546875,-123.210938,778,,,,,29,57,,,,,20,
C5,,,,,39.546875,-123.039062,1111,,,,,31,78,,,,,20,
C5,,,,,39.546875,-122.867188,1321,,,,,32,332,,,,,20,
C5,,,,,39.546875,-122.695312,1167,,,,,36,272,,,,,20,
O1b,,,,,39.546875,-122.523438,327,,,,,16,245,,,0.35,60.0,20,
O1b,,,,,39.546875,-122.351562,137,,,,,9,272,,,0.35,60.0,20,
C5,,,,,39.546875,-122.179688,42,,,,,0,0,,,,,20,
C3,,,,,39.546875,-122.007812,31,,,,,1,337,,,,,20,
C3,,,,,39.546875,-121.835938,33,,,,,0,0,,,,,20,
C7,,,,,39.546875,-121.664062,63,,,,,2,73,,,,,20,
C7,,,,,39.546875,-121.492188,282,,,,,13,52,,,,,20,
C5,,,,,39.546875,-121.320312,621,,,,,22,81,,,,,20,
C3,,,,,39.546875,-121.148438,998,,,,,23,22,,,,,20,
C3,,,,,39.546875,-120.976562,1219,,,,,30,51,,,,,20,
C3,,,,,39.546875,-120.804688,1430,,,,,39,67,,,,,20,
C3,,,,,39.546875,-120.632812,1838,,,,,33,91,,,,,20,
C5,,,,,39.546875,-120.460938,2042,,,,,20,213,,,,,20,
C5,,,,,39.546875,-120.289062,1919,,,,,18,143,,,,,20,
C5,,,,,39.546875,-120.117188,2044,,,,,20,294,,,,,20,
C7,,,,,39.546875,-119.945312,1767,,,,,20,228,,,,,20,
O1b,,,,,39.546875,-119.773438,1432,,,,,8,296,,,0.35,60.0,20,
O1a,,,,,39.546875,-119.601562,1582,,,,,21,60,,,0.35,60.0,20,
O1a,,,,,39.546875,-119.429688,1625,,,,,22,103,,,0.35,60.0,20,
O1a,,,,,39.546875,-119.257812,1480,,,,,12,227,,,0.35,60.0,20,
O1a,,,,,39.546875,-119.085938,1315,,,,,5,266,,,0.35,60.0,20,
NF,,,,,39.390625,-124.414062,0,,,,,0,0,,,,,20,
NF,,,,,39.390625,-124.242188,0,,,,,0,0,,,,,20,
NF,,,,,39.390625,-124.070312,0,,,,,0,0,,,,,20,
NF,,,,,39.390625,-123.898438,1,,,,,0,0,,,,,20,
C3,,,,,39.390625,-123.726562,134,,,,,22,79,,,,,20,
C3,,,,,39.390625,-123.554688,263,,,,,32,42,,,,,20,
C3,,,,,39.390625,-123.382812,501,,,,,25,66,,,,,20,
C3,,,,,39.390625,-123.210938,587,,,,,25,339,,,,,20,
C3,,,,,39.390625,-123.039062,812,,,,,29,43,,,,,20,
C5,,,,,39.390625,-122.867188,917,,,,,26,87,,,,,20,
C5,,,,,39.390625,-122.695312,1172,,,,,34,265,,,,,20,
C7,,,,,39.390625,-122.523438,446,,,,,18,241,,,,,20,
C7,,,,,39.390625,-122.351562,169,,,,,14,264,,,,,20,
C5,,,,,39.390625,-122.179688,29,,,,,0,0,,,,,20,
C3,,,,,39.390625,-122.007812,22,,,,,0,0,,,,,20,
C3,,,,,39.390625,-121.835938,22,,,,,0,0,,,,,20,
C5,,,,,39.390625,-121.664062,31,,,,,1,47,,,,,20,
C7,,,,,39.390625,-121.492188,105,,,,,6,66,,,,,20,
C5,,,,,39.390625,-121.320312,466,,,,,15,59,,,,,20,
C3,,,,,39.390625,-121.148438,653,,,,,21,11,,,,,20,
C3,,,,,39.390625,-120.976562,944,,,,,26,72,,,,,20,
C3,,,,,39.390625,-120.804688,1250,,,,,34,86,,,,,20,
C5,,,,,39.390625,-120.632812,1801,,,,,25,71,,,,,20,
C5,,,,,39.390625,-120.460938,2157,,,,,21,54,,,,,20,
C5,,,,,39.390625,-120.289062,2153,,,,,22,282,,,,,20,
C5,,,,,39.390625,-120.117188,1853,,,,,14,53,,,,,20,
C5,,,,,39.390625,-119.945312,2374,,,,,32,172,,,,,20,
O1b,,,,,39.390625,-119.773438,1606,,,,,14,222,,,0.35,60.0,20,
O1b,,,,,39.390625,-119.601562,1802,,,,,20,233,,,0.35,60.0,20,
O1a,,,,,39.390625,-119.429688,1582,,,,,14,325,,,0.35,60.0,20,
O1a,,,,,39.390625,-119.257812,1407,,,,,9,313,,,0.35,60.0,20,
O1a,,,,,39.390625,-119.085938,1324,,,,,7,64,,,0.35,60.0,20,
NF,,,,,39.234375,-124.414062,0,,,,,0,0,,,,,20,
NF,,,,,39.234375,-124.242188,0,,,,,0,0,,,,,20,
NF,,,,,39.234375,-124.070312,0,,,,,0,0,,,,,20,
NF,,,,,39.234375,-123.898438,0,,,,,0,0,,,,,20,
C5,,,,,39.234375,-123.726562,100,,,,,18,96,,,,,20,
C3,,,,,39.234375,-123.554688,202,,,,,30,86,,,,,20,
C3,,,,,39.234375,-123.382812,449,,,,,32,91,,,,,20,
C5,,,,,39.234375,-123.210938,359,,,,,20,18,,,,,20,
C5,,,,,39.234375,-123.039062,617,,,,,27,101,,,,,20,
C5,,,,,39.234375,-122.867188,843,,,,,27,58,,,,,20,
C5,,,,,39.234375,-122.695312,1009,,,,,33,310,,,,,20,
C7,,,,,39.234375,-122.523438,621,,,,,22,277,,,,,20,
C7,,,,,39.234375,-122.351562,246,,,,,18,263,,,,,20,
C5,,,,,39.234375,-122.179688,26,,,,,0,0,,,,,20,
C5,,,,,39.234375,-122.007812,16,,,,,0,0,,,,,20,
C5,,,,,39.234375,-121.835938,82,,,,,10,87,,,,,20,
C5,,,,,39.234375,-121.664062,24,,,,,1,282,,,,,20,
C5,,,,,39.234375,-121.492188,46,,,,,2,67,,,,,20,
C7,,,,,39.234375,-121.320312,227,,,,,15,63,,,,,20,
C5,,,,,39.234375,-121.148438,543,,,,,16,92,,,,,20,
C3,,,,,39.234375,-120.976562,865,,,,,16,46,,,,,20,
C3,,,,,39.234375,-120.804688,1133,,,,,30,44,,,,,20,
C3,,,,,39.234375,-120.632812,1534,,,,,32,71,,,,,20,
C5,,,,,39.234375,-120.460938,1856,,,,,32,81,,,,,20,
C5,,,,,39.234375,-120.289062,2153,,,,,29,175,,,,,20,
C5,,,,,39.234375,-120.117188,2044,,,,,15,103,,,,,20,
C7,,,,,39.234375,-119.945312,2207,,,,,20,4,,,,,20,
O1b,,,,,39.234375,-119.773438,1675,,,,,16,284,,,0.35,60.0,20,
O1b,,,,,39.234375,-119.601562,1555,,,,,16,261,,,0.35,60.0,20,
O1a,,,,,39.234375,-119.429688,1688,,,,,20,186,,,0.35,60.0,20,
O1a,,,,,39.234375,-119.257812,1398,,,,,11,250,,,0.35,60.0,20,
O1a,,,,,39.234375,-119.085938,1420,,,,,11,143,,,0.35,60.0,20,
NF,,,,,39.078125,-124.414062,0,,,,,0,0,,,,,20,
NF,,,,,39.078125,-124.242188,0,,,,,0,0,,,,,20,
NF,,,,,39.078125,-124.070312,0,,,,,0,0,,,,,20,
NF,,,,,39.078125,-123.898438,0,,,,,0,0,,,,,20,
C7,,,,,39.078125,-123.726562,89,,,,,11,78,,,,,20,
C3,,,,,39.078125,-123.554688,292,,,,,32,216,,,,,20,
C3,,,,,39.078125,-123.382812,409,,,,,30,72,,,,,20,
C5,,,,,39.078125,-123.210938,410,,,,,25,263,,,,,20,
C5,,,,,39.078125,-123.039062,656,,,,,25,27,,,,,20,
C7,,,,,39.078125,-122.867188,471,,,,,8,48,,,,,20,
C7,,,,,39.078125,-122.695312,678,,,,,25,358,,,,,20,
C7,,,,,39.078125,-122.523438,595,,,,,24,299,,,,,20,
C7,,,,,39.078125,-122.351562,348,,,,,20,240,,,,,20,
C5,,,,,39.078125,-122.179688,81,,,,,4,217,,,,,20,
C5,,,,,39.078125,-122.007812,17,,,,,0,0,,,,,20,
C5,,,,,39.078125,-121.835938,12,,,,,0,0,,,,,20,
C5,,,,,39.078125,-121.664062,14,,,,,0,0,,,,,20,
C7,,,,,39.078125,-121.492188,23,,,,,1,61,,,,,20,
C7,,,,,39.078125,-121.320312,108,,,,,7,70,,,,,20,
C5,,,,,39.078125,-121.148438,423,,,,,14,66,,,,,20,
C3,,,,,39.078125,-120.976562,627,,,,,23,59,,,,,20,
C3,,,,,39.078125,-120.804688,941,,,,,27,37,,,,,20,
C3,,,,,39.078125,-120.632812,1263,,,,,37,67,,,,,20,
C3,,,,,39.078125,-120.460938,1676,,,,,28,51,,,,,20,
C5,,,,,39.078125,-120.289062,2089,,,,,29,61,,,,,20,
C7,,,,,39.078125,-120.117188,1985,,,,,9,253,,,,,20,
C7,,,,,39.078125,-119.945312,2084,,,,,15,70,,,,,20,
C7,,,,,39.078125,-119.773438,1560,,,,,13,288,,,,,20,
O1b,,,,,39.078125,-119.601562,1864,,,,,17,90,,,0.35,60.0,20,
O1b,,,,,39.078125,-119.429688,1955,,,,,22,287,,,0.35,60.0,20,
O1a,,,,,39.078125,-119.257812,1465,,,,,8,255,,,0.35,60.0,20,
O1b,,,,,39.078125,-119.085938,1341,,,,,3,125,,,0.35,60.0,20,
NF,,,,,38.921875,-124.414062,0,,,,,0,0,,,,,20,
NF,,,,,38.921875,-124.242188,0,,,,,0,0,,,,,20,
NF,,,,,38.921875,-124.070312,0,,,,,0,0,,,,,20,
NF,,,,,38.921875,-123.898438,0,,,,,0,0,,,,,20,
O1b,,,,,38.921875,-123.726562,27,,,,,4,79,,,0.35,60.0,20,
C3,,,,,38.921875,-123.554688,343,,,,,35,78,,,,,20,
C3,,,,,38.921875,-123.382812,385,,,,,33,123,,,,,20,
C5,,,,,38.921875,-123.210938,478,,,,,28,264,,,,,20,
C5,,,,,38.921875,-123.039062,440,,,,,24,74,,,,,20,
C5,,,,,38.921875,-122.867188,622,,,,,19,153,,,,,20,
C7,,,,,38.921875,-122.695312,610,,,,,16,236,,,,,20,
C7,,,,,38.921875,-122.523438,547,,,,,21,112,,,,,20,
C7,,,,,38.921875,-122.351562,523,,,,,29,250,,,,,20,
C7,,,,,38.921875,-122.179688,256,,,,,16,244,,,,,20,
C5,,,,,38.921875,-122.007812,55,,,,,2,252,,,,,20,
C5,,,,,38.921875,-121.835938,9,,,,,0,0,,,,,20,
C5,,,,,38.921875,-121.664062,9,,,,,0,0,,,,,20,
C5,,,,,38.921875,-121.492188,17,,,,,0,0,,,,,20,
C7,,,,,38.921875,-121.320312,53,,,,,2,76,,,,,20,
C7,,,,,38.921875,-121.148438,281,,,,,10,59,,,,,20,
C5,,,,,38.921875,-120.976562,473,,,,,23,54,,,,,20,
C3,,,,,38.921875,-120.804688,783,,,,,24,104,,,,,20,
C3,,,,,38.921875,-120.632812,1175,,,,,29,87,,,,,20,
C5,,,,,38.921875,-120.460938,1536,,,,,23,67,,,,,20,
C5,,,,,38.921875,-120.289062,2028,,,,,19,83,,,,,20,
C7,,,,,38.921875,-120.117188,2301,,,,,25,239,,,,,20,
C7,,,,,38.921875,-119.945312,2196,,,,,21,150,,,,,20,
C7,,,,,38.921875,-119.773438,1536,,,,,9,249,,,,,20,
O1b,,,,,38.921875,-119.601562,1783,,,,,13,109,,,0.35,60.0,20,
O1b,,,,,38.921875,-119.429688,1846,,,,,19,274,,,0.35,60.0,20,
O1b,,,,,38.921875,-119.257812,1531,,,,,11,271,,,0.35,60.0,20,
O1b,,,,,38.921875,-119.085938,1429,,,,,5,102,,,0.35,60.0,20,
NF,,,,,38.765625,-124.414062,0,,,,,0,0,,,,,20,
NF,,,,,38.765625,-124.242188,0,,,,,0,0,,,,,20,
NF,,,,,38.765625,-124.070312,0,,,,,0,0,,,,,20,
NF,,,,,38.765625,-123.898438,0,,,,,0,0,,,,,20,
NF,,,,,38.765625,-123.726562,0,,,,,0,0,,,,,20,
C7,,,,,38.765625,-123.554688,69,,,,,10,28,,,,,20,
C3,,,,,38.765625,-123.382812,240,,,,,31,52,,,,,20,
C3,,,,,38.765625,-123.210938,421,,,,,33,5,,,,,20,
C5,,,,,38.765625,-123.039062,245,,,,,25,296,,,,,20,
C5,,,,,38.765625,-122.867188,434,,,,,26,40,,,,,20,
C5,,,,,38.765625,-122.695312,669,,,,,26,311,,,,,20,
C7,,,,,38.765625,-122.523438,393,,,,,17,261,,,,,20,
C7,,,,,38.765625,-122.351562,387,,,,,21,14,,,,,20,
C7,,,,,38.765625,-122.179688,304,,,,,21,258,,,,,20,
C7,,,,,38.765625,-122.007812,78,,,,,4,275,,,,,20,
C5,,,,,38.765625,-121.835938,23,,,,,1,242,,,,,20,
C5,,,,,38.765625,-121.664062,8,,,,,0,0,,,,,20,
C7,,,,,38.765625,-121.492188,13,,,,,0,0,,,,,20,
C7,,,,,38.765625,-121.320312,46,,,,,2,86,,,,,20,
C7,,,,,38.765625,-121.148438,151,,,,,7,76,,,,,20,
C5,,,,,38.765625,-120.976562,351,,,,,16,97,,,,,20,
C5,,,,,38.765625,-120.804688,590,,,,,20,76,,,,,20,
C3,,,,,38.765625,-120.632812,970,,,,,26,57,,,,,20,
C5,,,,,38.765625,-120.460938,1374,,,,,25,91,,,,,20,
C5,,,,,38.765625,-120.289062,1773,,,,,24,85,,,,,20,
C7,,,,,38.765625,-120.117188,2265,,,,,26,69,,,,,20,
C5,,,,,38.765625,-119.945312,2465,,,,,26,77,,,,,20,
C7,,,,,38.765625,-119.773438,1897,,,,,23,252,,,,,20,
O1b,,,,,38.765625,-119.601562,2032,,,,,23,153,,,0.35,60.0,20,
O1b,,,,,38.765625,-119.429688,1798,,,,,20,279,,,0.35,60.0,20,
O1b,,,,,38.765625,-119.257812,1602,,,,,9,151,,,0.35,60.0,20,
O1a,,,,,38.765625,-119.085938,1588,,,,,10,199,,,0.35,60.0,20,
NF,,,,,38.609375,-124.414062,0,,,,,0,0,,,,,20,
NF,,,,,38.609375,-124.242188,0,,,,,0,0,,,,,20,
NF,,,,,38.609375,-124.070312,0,,,,,0,0,,,,,20,
NF,,,,,38.609375,-123.898438,0,,,,,0,0,,,,,20,
NF,,,,,38.609375,-123.726562,0,,,,,0,0,,,,,20,
NF,,,,,38.609375,-123.554688,0,,,,,0,0,,,,,20,
C7,,,,,38.609375,-123.382812,77,,,,,9,59,,,,,20,
C5,,,,,38.609375,-123.210938,308,,,,,30,68,,,,,20,
C5,,,,,38.609375,-123.039062,308,,,,,33,306,,,,,20,
C5,,,,,38.609375,-122.867188,102,,,,,13,274,,,,,20,
C5,,,,,38.609375,-122.695312,276,,,,,22,64,,,,,20,
C5,,,,,38.609375,-122.523438,403,,,,,24,340,,,,,20,
C7,,,,,38.609375,-122.351562,314,,,,,19,233,,,,,20,
C7,,,,,38.609375,-122.179688,365,,,,,25,51,,,,,20,
C7,,,,,38.609375,-122.007812,107,,,,,7,260,,,,,20,
C5,,,,,38.609375,-121.835938,26,,,,,0,0,,,,,20,
C7,,,,,38.609375,-121.664062,8,,,,,0,0,,,,,20,
C7,,,,,38.609375,-121.492188,8,,,,,1,76,,,,,20,
O1b,,,,,38.609375,-121.320312,32,,,,,2,68,,,0.35,60.0,20,
O1b,,,,,38.609375,-121.148438,98,,,,,4,64,,,0.35,60.0,20,
C7,,,,,38.609375,-120.976562,292,,,,,12,45,,,,,20,
C5,,,,,38.609375,-120.804688,492,,,,,19,72,,,,,20,
C3,,,,,38.609375,-120.632812,830,,,,,20,80,,,,,20,
C3,,,,,38.609375,-120.460938,1373,,,,,22,77,,,,,20,
C5,,,,,38.609375,-120.289062,1881,,,,,21,80,,,,,20,
C7,,,,,38.609375,-120.117188,2319,,,,,24,63,,,,,20,
C7,,,,,38.609375,-119.945312,2442,,,,,27,72,,,,,20,
C7,,,,,38.609375,-119.773438,2317,,,,,34,203,,,,,20,
C7,,,,,38.609375,-119.601562,2121,,,,,27,263,,,,,20,
O1b,,,,,38.609375,-119.429688,1872,,,,,14,118,,,0.35,60.0,20,
O1b,,,,,38.609375,-119.257812,2062,,,,,20,166,,,0.35,60.0,20,
O1b,,,,,38.609375,-119.085938,2114,,,,,20,235,,,0.35,60.0,20,
NF,,,,,38.453125,-124.414062,0,,,,,0,0,,,,,20,
NF,,,,,38.453125,-124.242188,0,,,,,0,0,,,,,20,
NF,,,,,38.453125,-124.070312,0,,,,,0,0,,,,,20,
NF,,,,,38.453125,-123.898438,0,,,,,0,0,,,,,20,
NF,,,,,38.453125,-123.726562,0,,,,,0,0,,,,,20,
NF,,,,,38.453125,-123.554688,0,,,,,0,0,,,,,20,
NF,,,,,38.453125,-123.382812,0,,,,,0,0,,,,,20,
O1b,,,,,38.453125,-123.210938,63,,,,,7,36,,,0.35,60.0,20,
C5,,,,,38.453125,-123.039062,163,,,,,25,15,,,,,20,
C5,,,,,38.453125,-122.867188,75,,,,,10,270,,,,,20,
C7,,,,,38.453125,-122.695312,139,,,,,10,62,,,,,20,
C5,,,,,38.453125,-122.523438,336,,,,,23,279,,,,,20,
C5,,,,,38.453125,-122.351562,226,,,,,19,59,,,,,20,
C7,,,,,38.453125,-122.179688,366,,,,,25,295,,,,,20,
C7,,,,,38.453125,-122.007812,141,,,,,13,265,,,,,20,
C5,,,,,38.453125,-121.835938,20,,,,,0,0,,,,,20,
C7,,,,,38.453125,-121.664062,6,,,,,0,0,,,,,20,
C7,,,,,38.453125,-121.492188,5,,,,,0,0,,,,,20,
O1b,,,,,38.453125,-121.320312,21,,,,,1,74,,,0.35,60.0,20,
O1b,,,,,38.453125,-121.148438,49,,,,,3,69,,,0.35,60.0,20,
C7,,,,,38.453125,-120.976562,137,,,,,7,72,,,,,20,
C5,,,,,38.453125,-120.804688,418,,,,,15,77,,,,,20,
C3,,,,,38.453125,-120.632812,773,,,,,21,63,,,,,20,
C3,,,,,38.453125,-120.460938,1117,,,,,23,49,,,,,20,
C3,,,,,38.453125,-120.289062,1519,,,,,27,77,,,,,20,
C5,,,,,38.453125,-120.117188,2002,,,,,29,76,,,,,20,
C5,,,,,38.453125,-119.945312,2317,,,,,23,56,,,,,20,
C5,,,,,38.453125,-119.773438,2525,,,,,36,35,,,,,20,
C7,,,,,38.453125,-119.601562,2678,,,,,34,198,,,,,20,
C7,,,,,38.453125,-119.429688,2359,,,,,29,126,,,,,20,
C7,,,,,38.453125,-119.257812,2574,,,,,26,257,,,,,20,
O1b,,,,,38.453125,-119.085938,2053,,,,,21,305,,,0.35,60.0,20,
NF,,,,,38.296875,-124.414062,0,,,,,0,0,,,,,20,
NF,,,,,38.296875,-124.242188,0,,,,,0,0,,,,,20,
NF,,,,,38.296875,-124.070312,0,,,,,0,0,,,,,20,
NF,,,,,38.296875,-123.898438,0,,,,,0,0,,,,,20,
NF,,,,,38.296875,-123.726562,0,,,,,0,0,,,,,20,
NF,,,,,38.296875,-123.554688,0,,,,,0,0,,,,,20,
NF,,,,,38.296875,-123.382812,0,,,,,0,0,,,,,20,
NF,,,,,38.296875,-123.210938,0,,,,,0,0,,,,,20,
O1b,,,,,38.296875,-123.039062,31,,,,,6,38,,,0.35,60.0,20,
C5,,,,,38.296875,-122.867188,78,,,,,13,64,,,,,20,
C7,,,,,38.296875,-122.695312,69,,,,,6,92,,,,,20,
C7,,,,,38.296875,-122.523438,193,,,,,13,3,,,,,20,
C7,,,,,38.296875,-122.351562,98,,,,,10,311,,,,,20,
C7,,,,,38.296875,-122.179688,187,,,,,17,19,,,,,20,
C7,,,,,38.296875,-122.007812,75,,,,,8,331,,,,,20,
C7,,,,,38.296875,-121.835938,10,,,,,0,0,,,,,20,
C7,,,,,38.296875,-121.664062,2,,,,,0,0,,,,,20,
C7,,,,,38.296875,-121.492188,2,,,,,0,0,,,,,20,
C7,,,,,38.296875,-121.320312,13,,,,,1,78,,,,,20,
C7,,,,,38.296875,-121.148438,42,,,,,2,80,,,,,20,
C7,,,,,38.296875,-120.976562,92,,,,,6,61,,,,,20,
C7,,,,,38.296875,-120.804688,303,,,,,15,65,,,,,20,
C5,,,,,38.296875,-120.632812,565,,,,,25,81,,,,,20,
C3,,,,,38.296875,-120.460938,914,,,,,22,71,,,,,20,
C3,,,,,38.296875,-120.289062,1437,,,,,24,40,,,,,20,
C5,,,,,38.296875,-120.117188,1790,,,,,22,13,,,,,20,
C5,,,,,38.296875,-119.945312,2032,,,,,26,89,,,,,20,
C7,,,,,38.296875,-119.773438,2505,,,,,32,114,,,,,20,
C7,,,,,38.296875,-119.601562,2776,,,,,33,282,,,,,20,
C7,,,,,38.296875,-119.429688,2579,,,,,27,205,,,,,20,
C7,,,,,38.296875,-119.257812,2205,,,,,17,339,,,,,20,
O1b,,,,,38.296875,-119.085938,2489,,,,,20,163,,,0.35,60.0,20,
NF,,,,,38.140625,-124.414062,0,,,,,0,0,,,,,20,
NF,,,,,38.140625,-124.242188,0,,,,,0,0,,,,,20,
NF,,,,,38.140625,-124.070312,0,,,,,0,0,,,,,20,
NF,,,,,38.140625,-123.898438,0,,,,,0,0,,,,,20,
NF,,,,,38.140625,-123.726562,0,,,,,0,0,,,,,20,
NF,,,,,38.140625,-123.554688,0,,,,,0,0,,,,,20,
NF,,,,,38.140625,-123.382812,0,,,,,0,0,,,,,20,
NF,,,,,38.140625,-123.210938,0,,,,,0,0,,,,,20,
NF,,,,,38.140625,-123.039062,3,,,,,1,93,,,,,20,
C7,,,,,38.140625,-122.867188,98,,,,,17,83,,,,,20,
C5,,,,,38.140625,-122.695312,157,,,,,22,182,,,,,20,
C7,,,,,38.140625,-122.523438,43,,,,,8,269,,,,,20,
O1b,,,,,38.140625,-122.351562,1,,,,,0,0,,,0.35,60.0,20,
O1b,,,,,38.140625,-122.179688,77,,,,,10,348,,,0.35,60.0,20,
O1b,,,,,38.140625,-122.007812,4,,,,,1,33,,,0.35,60.0,20,
O1b,,,,,38.140625,-121.835938,32,,,,,4,56,,,0.35,60.0,20,
C7,,,,,38.140625,-121.664062,6,,,,,1,271,,,,,20,
C5,,,,,38.140625,-121.492188,0,,,,,0,0,,,,,20,
C7,,,,,38.140625,-121.320312,10,,,,,0,0,,,,,20,
C7,,,,,38.140625,-121.148438,30,,,,,1,71,,,,,20,
C7,,,,,38.140625,-120.976562,78,,,,,4,83,,,,,20,
C7,,,,,38.140625,-120.804688,271,,,,,14,92,,,,,20,
C7,,,,,38.140625,-120.632812,438,,,,,17,0,,,,,20,
C5,,,,,38.140625,-120.460938,670,,,,,25,49,,,,,20,
C3,,,,,38.140625,-120.289062,971,,,,,34,69,,,,,20,
C3,,,,,38.140625,-120.117188,1455,,,,,25,99,,,,,20,
C5,,,,,38.140625,-119.945312,2041,,,,,25,72,,,,,20,
O1b,,,,,38.140625,-119.773438,2519,,,,,26,42,,,0.35,60.0,20,
O1b,,,,,38.140625,-119.601562,2858,,,,,32,67,,,0.35,60.0,20,
C7,,,,,38.140625,-119.429688,2959,,,,,43,229,,,,,20,
C7,,,,,38.140625,-119.257812,2499,,,,,24,210,,,,,20,
O1b,,,,,38.140625,-119.085938,2326,,,,,15,350,,,0.35,60.0,20,
NF,,,,,37.984375,-124.414062,0,,,,,0,0,,,,,20,
NF,,,,,37.984375,-124.242188,0,,,,,0,0,,,,,20,
NF,,,,,37.984375,-124.070312,0,,,,,0,0,,,,,20,
NF,,,,,37.984375,-123.898438,0,,,,,0,0,,,,,20,
NF,,,,,37.984375,-123.726562,0,,,,,0,0,,,,,20,
NF,,,,,37.984375,-123.554688,0,,,,,0,0,,,,,20,
NF,,,,,37.984375,-123.382812,0,,,,,0,0,,,,,20,
NF,,,,,37.984375,-123.210938,0,,,,,0,0,,,,,20,
NF,,,,,37.984375,-123.039062,5,,,,,1,47,,,,,20,
O1b,,,,,37.984375,-122.867188,35,,,,,7,56,,,0.35,60.0,20,
C5,,,,,37.984375,-122.695312,206,,,,,25,64,,,,,20,
C7,,,,,37.984375,-122.523438,84,,,,,14,264,,,,,20,
O1a,,,,,37.984375,-122.351562,28,,,,,4,103,,,0.35,60.0,20,
C7,,,,,37.984375,-122.179688,137,,,,,16,199,,,,,20,
O1b,,,,,37.984375,-122.007812,71,,,,,7,150,,,0.35,60.0,20,
O1b,,,,,37.984375,-121.835938,106,,,,,10,206,,,0.35,60.0,20,
C7,,,,,37.984375,-121.664062,9,,,,,1,235,,,,,20,
C5,,,,,37.984375,-121.492188,1,,,,,0,0,,,,,20,
C7,,,,,37.984375,-121.320312,4,,,,,0,0,,,,,20,
C5,,,,,37.984375,-121.148438,20,,,,,0,0,,,,,20,
C7,,,,,37.984375,-120.976562,52,,,,,2,73,,,,,20,
O1b,,,,,37.984375,-120.804688,177,,,,,7,61,,,0.35,60.0,20,
C7,,,,,37.984375,-120.632812,371,,,,,14,359,,,,,20,
C7,,,,,37.984375,-120.460938,460,,,,,16,68,,,,,20,
C5,,,,,37.984375,-120.289062,836,,,,,20,47,,,,,20,
C3,,,,,37.984375,-120.117188,1295,,,,,29,43,,,,,20,
C5,,,,,37.984375,-119.945312,1575,,,,,24,26,,,,,20,
C7,,,,,37.984375,-119.773438,1869,,,,,32,44,,,,,20,
C7,,,,,37.984375,-119.601562,2313,,,,,42,65,,,,,20,
O1b,,,,,37.984375,-119.429688,2809,,,,,39,53,,,0.35,60.0,20,
O1b,,,,,37.984375,-119.257812,3085,,,,,40,251,,,0.35,60.0,20,
O1b,,,,,37.984375,-119.085938,2072,,,,,10,252,,,0.35,60.0,20,
NF,,,,,37.828125,-124.414062,0,,,,,0,0,,,,,20,
NF,,,,,37.828125,-124.242188,0,,,,,0,0,,,,,20,
NF,,,,,37.828125,-124.070312,0,,,,,0,0,,,,,20,
NF,,,,,37.828125,-123.898438,0,,,,,0,0,,,,,20,
NF,,,,,37.828125,-123.726562,0,,,,,0,0,,,,,20,
NF,,,,,37.828125,-123.554688,0,,,,,0,0,,,,,20,
NF,,,,,37.828125,-123.382812,0,,,,,0,0,,,,,20,
NF,,,,,37.828125,-123.210938,0,,,,,0,0,,,,,20,
NF,,,,,37.828125,-123.039062,0,,,,,0,0,,,,,20,
NF,,,,,37.828125,-122.867188,0,,,,,0,0,,,,,20,
O1a,,,,,37.828125,-122.695312,7,,,,,1,32,,,0.35,60.0,20,
O1b,,,,,37.828125,-122.523438,45,,,,,9,329,,,0.35,60.0,20,
O1a,,,,,37.828125,-122.351562,9,,,,,2,57,,,0.35,60.0,20,
C7,,,,,37.828125,-122.179688,177,,,,,16,50,,,,,20,
C7,,,,,37.828125,-122.007812,241,,,,,19,98,,,,,20,
C7,,,,,37.828125,-121.835938,337,,,,,22,282,,,,,20,
O1b,,,,,37.828125,-121.664062,112,,,,,10,225,,,0.35,60.0,20,
C7,,,,,37.828125,-121.492188,5,,,,,0,0,,,,,20,
C7,,,,,37.828125,-121.320312,4,,,,,0,0,,,,,20,
C5,,,,,37.828125,-121.148438,17,,,,,0,0,,,,,20,
C5,,,,,37.828125,-120.976562,38,,,,,1,71,,,,,20,
C7,,,,,37.828125,-120.804688,73,,,,,3,58,,,,,20,
O1b,,,,,37.828125,-120.632812,183,,,,,10,42,,,0.35,60.0,20,
O1b,,,,,37.828125,-120.460938,332,,,,,13,46,,,0.35,60.0,20,
C7,,,,,37.828125,-120.289062,601,,,,,27,86,,,,,20,
C5,,,,,37.828125,-120.117188,910,,,,,28,30,,,,,20,
C3,,,,,37.828125,-119.945312,1219,,,,,31,85,,,,,20,
C5,,,,,37.828125,-119.773438,1895,,,,,21,97,,,,,20,
C7,,,,,37.828125,-119.601562,2458,,,,,27,39,,,,,20,
C7,,,,,37.828125,-119.429688,2776,,,,,30,72,,,,,20,
O1b,,,,,37.828125,-119.257812,3204,,,,,32,138,,,0.35,60.0,20,
O1b,,,,,37.828125,-119.085938,2459,,,,,22,232,,,0.35,60.0,20,
NF,,,,,37.671875,-124.414062,0,,,,,0,0,,,,,20,
NF,,,,,37.671875,-124.242188,0,,,,,0,0,,,,,20,
NF,,,,,37.671875,-124.070312,0,,,,,0,0,,,,,20,
NF,,,,,37.671875,-123.898438,0,,,,,0,0,,,,,20,
NF,,,,,37.671875,-123.726562,0,,,,,0,0,,,,,20,
NF,,,,,37.671875,-123.554688,0,,,,,0,0,,,,,20,
NF,,,,,37.671875,-123.382812,0,,,,,0,0,,,,,20,
NF,,,,,37.671875,-123.210938,0,,,,,0,0,,,,,20,
NF,,,,,37.671875,-123.039062,0,,,,,0,0,,,,,20,
NF,,,,,37.671875,-122.867188,0,,,,,0,0,,,,,20,
NF,,,,,37.671875,-122.695312,0,,,,,0,0,,,,,20,
O1a,,,,,37.671875,-122.523438,39,,,,,5,95,,,0.35,60.0,20,
O1a,,,,,37.671875,-122.351562,17,,,,,3,259,,,0.35,60.0,20,
O1a,,,,,37.671875,-122.179688,13,,,,,2,49,,,0.35,60.0,20,
C7,,,,,37.671875,-122.007812,211,,,,,19,59,,,,,20,
O1b,,,,,37.671875,-121.835938,174,,,,,10,324,,,0.35,60.0,20,
O1b,,,,,37.671875,-121.664062,329,,,,,16,152,,,0.35,60.0,20,
O1b,,,,,37.671875,-121.492188,190,,,,,12,212,,,0.35,60.0,20,
C7,,,,,37.671875,-121.320312,35,,,,,1,225,,,,,20,
C5,,,,,37.671875,-121.148438,15,,,,,0,0,,,,,20,
C7,,,,,37.671875,-120.976562,30,,,,,1,85,,,,,20,
C5,,,,,37.671875,-120.804688,51,,,,,2,43,,,,,20,
C7,,,,,37.671875,-120.632812,70,,,,,4,60,,,,,20,
O1b,,,,,37.671875,-120.460938,156,,,,,7,50,,,0.35,60.0,20,
C7,,,,,37.671875,-120.289062,389,,,,,17,56,,,,,20,
C5,,,,,37.671875,-120.117188,709,,,,,28,27,,,,,20,
C5,,,,,37.671875,-119.945312,921,,,,,35,57,,,,,20,
C5,,,,,37.671875,-119.773438,1330,,,,,43,49,,,,,20,
C5,,,,,37.671875,-119.601562,2106,,,,,31,116,,,,,20,
C7,,,,,37.671875,-119.429688,2723,,,,,30,114,,,,,20,
O1b,,,,,37.671875,-119.257812,3044,,,,,35,16,,,0.35,60.0,20,
C7,,,,,37.671875,-119.085938,2782,,,,,30,278,,,,,20,
NF,,,,,37.515625,-124.414062,0,,,,,0,0,,,,,20,
NF,,,,,37.515625,-124.242188,0,,,,,0,0,,,,,20,
NF,,,,,37.515625,-124.070312,0,,,,,0,0,,,,,20,
NF,,,,,37.515625,-123.898438,0,,,,,0,0,,,,,20,
NF,,,,,37.515625,-123.726562,0,,,,,0,0,,,,,20,
NF,,,,,37.515625,-123.554688,0,,,,,0,0,,,,,20,
NF,,,,,37.515625,-123.382812,0,,,,,0,0,,,,,20,
NF,,,,,37.515625,-123.210938,0,,,,,0,0,,,,,20,
NF,,,,,37.515625,-123.039062,0,,,,,0,0,,,,,20,
NF,,,,,37.515625,-122.867188,0,,,,,0,0,,,,,20,
NF,,,,,37.515625,-122.695312,0,,,,,0,0,,,,,20,
O1a,,,,,37.515625,-122.523438,53,,,,,7,74,,,0.35,60.0,20,
C7,,,,,37.515625,-122.351562,156,,,,,17,219,,,,,20,
O1b,,,,,37.515625,-122.179688,8,,,,,1,234,,,0.35,60.0,20,
O1b,,,,,37.515625,-122.007812,22,,,,,3,54,,,0.35,60.0,20,
C7,,,,,37.515625,-121.835938,336,,,,,23,101,,,,,20,
C7,,,,,37.515625,-121.664062,731,,,,,31,150,,,,,20,
O1b,,,,,37.515625,-121.492188,740,,,,,26,228,,,0.35,60.0,20,
O1b,,,,,37.515625,-121.320312,361,,,,,24,228,,,0.35,60.0,20,
C7,,,,,37.515625,-121.148438,46,,,,,3,236,,,,,20,
C5,,,,,37.515625,-120.976562,22,,,,,0,0,,,,,20,
C5,,,,,37.515625,-120.804688,39,,,,,0,0,,,,,20,
C7,,,,,37.515625,-120.632812,65,,,,,2,43,,,,,20,
C7,,,,,37.515625,-120.460938,94,,,,,3,101,,,,,20,
O1b,,,,,37.515625,-120.289062,223,,,,,9,69,,,0.35,60.0,20,
C7,,,,,37.515625,-120.117188,581,,,,,20,73,,,,,20,
C5,,,,,37.515625,-119.945312,819,,,,,21,41,,,,,20,
C5,,,,,37.515625,-119.773438,1241,,,,,29,68,,,,,20,
C5,,,,,37.515625,-119.601562,1885,,,,,26,56,,,,,20,
C7,,,,,37.515625,-119.429688,2406,,,,,24,0,,,,,20,
C7,,,,,37.515625,-119.257812,2091,,,,,27,337,,,,,20,
C7,,,,,37.515625,-119.085938,2586,,,,,34,85,,,,,20,
NF,,,,,37.359375,-124.414062,0,,,,,0,0,,,,,20,
NF,,,,,37.359375,-124.242188,0,,,,,0,0,,,,,20,
NF,,,,,37.359375,-124.070312,0,,,,,0,0,,,,,20,
NF,,,,,37.359375,-123.898438,0,,,,,0,0,,,,,20,
NF,,,,,37.359375,-123.726562,0,,,,,0,0,,,,,20,
NF,,,,,37.359375,-123.554688,0,,,,,0,0,,,,,20,
NF,,,,,37.359375,-123.382812,0,,,,,0,0,,,,,20,
NF,,,,,37.359375,-123.210938,0,,,,,0,0,,,,,20,
NF,,,,,37.359375,-123.039062,0,,,,,0,0,,,,,20,
NF,,,,,37.359375,-122.867188,0,,,,,0,0,,,,,20,
NF,,,,,37.359375,-122.695312,0,,,,,0,0,,,,,20,
NF,,,,,37.359375,-122.523438,0,,,,,0,0,,,,,20,
C5,,,,,37.359375,-122.351562,210,,,,,21,71,,,,,20,
C5,,,,,37.359375,-122.179688,279,,,,,19,202,,,,,20,
O1b,,,,,37.359375,-122.007812,46,,,,,2,220,,,0.35,60.0,20,
O1b,,,,,37.359375,-121.835938,150,,,,,9,71,,,0.35,60.0,20,
C7,,,,,37.359375,-121.664062,751,,,,,28,53,,,,,20,
C7,,,,,37.359375,-121.492188,746,,,,,23,68,,,,,20,
O1b,,,,,37.359375,-121.320312,519,,,,,29,276,,,0.35,60.0,20,
C7,,,,,37.359375,-121.148438,140,,,,,12,265,,,,,20,
C7,,,,,37.359375,-120.976562,23,,,,,0,0,,,,,20,
C7,,,,,37.359375,-120.804688,30,,,,,0,0,,,,,20,
C7,,,,,37.359375,-120.632812,46,,,,,1,57,,,,,20,
C7,,,,,37.359375,-120.460938,71,,,,,1,34,,,,,20,
O1b,,,,,37.359375,-120.289062,106,,,,,3,40,,,0.35,60.0,20,
O1b,,,,,37.359375,-120.117188,277,,,,,12,51,,,0.35,60.0,20,
C7,,,,,37.359375,-119.945312,465,,,,,14,355,,,,,20,
C5,,,,,37.359375,-119.773438,685,,,,,21,64,,,,,20,
C5,,,,,37.359375,-119.601562,1207,,,,,21,56,,,,,20,
C5,,,,,37.359375,-119.429688,1798,,,,,24,313,,,,,20,
C7,,,,,37.359375,-119.257812,1810,,,,,30,113,,,,,20,
C7,,,,,37.359375,-119.085938,2355,,,,,23,176,,,,,20,
NF,,,,,37.203125,-124.414062,0,,,,,0,0,,,,,20,
NF,,,,,37.203125,-124.242188,0,,,,,0,0,,,,,20,
NF,,,,,37.203125,-124.070312,0,,,,,0,0,,,,,20,
NF,,,,,37.203125,-123.898438,0,,,,,0,0,,,,,20,
NF,,,,,37.203125,-123.726562,0,,,,,0,0,,,,,20,
NF,,,,,37.203125,-123.554688,0,,,,,0,0,,,,,20,
NF,,,,,37.203125,-123.382812,0,,,,,0,0,,,,,20,
NF,,,,,37.203125,-123.210938,0,,,,,0,0,,,,,20,
NF,,,,,37.203125,-123.039062,0,,,,,0,0,,,,,20,
NF,,,,,37.203125,-122.867188,0,,,,,0,0,,,,,20,
NF,,,,,37.203125,-122.695312,0,,,,,0,0,,,,,20,
NF,,,,,37.203125,-122.523438,0,,,,,0,0,,,,,20,
C7,,,,,37.203125,-122.351562,123,,,,,18,74,,,,,20,
C3,,,,,37.203125,-122.179688,412,,,,,29,91,,,,,20,
C5,,,,,37.203125,-122.007812,373,,,,,26,211,,,,,20,
C7,,,,,37.203125,-121.835938,252,,,,,19,207,,,,,20,
C7,,,,,37.203125,-121.664062,325,,,,,17,48,,,,,20,
C7,,,,,37.203125,-121.492188,638,,,,,29,326,,,,,20,
C7,,,,,37.203125,-121.320312,455,,,,,25,282,,,,,20,
O1b,,,,,37.203125,-121.148438,243,,,,,21,250,,,0.35,60.0,20,
C7,,,,,37.203125,-120.976562,32,,,,,0,0,,,,,20,
C7,,,,,37.203125,-120.804688,26,,,,,0,0,,,,,20,
C7,,,,,37.203125,-120.632812,33,,,,,0,0,,,,,20,
C7,,,,,37.203125,-120.460938,49,,,,,0,0,,,,,20,
C7,,,,,37.203125,-120.289062,72,,,,,0,0,,,,,20,
O1b,,,,,37.203125,-120.117188,125,,,,,4,49,,,0.35,60.0,20,
O1b,,,,,37.203125,-119.945312,235,,,,,9,54,,,0.35,60.0,20,
C7,,,,,37.203125,-119.773438,472,,,,,13,62,,,,,20,
C5,,,,,37.203125,-119.601562,733,,,,,21,5,,,,,20,
C5,,,,,37.203125,-119.429688,1094,,,,,26,35,,,,,20,
C5,,,,,37.203125,-119.257812,1885,,,,,30,75,,,,,20,
C7,,,,,37.203125,-119.085938,2696,,,,,20,65,,,,,20,
NF,,,,,37.046875,-124.414062,0,,,,,0,0,,,,,20,
NF,,,,,37.046875,-124.242188,0,,,,,0,0,,,,,20,
NF,,,,,37.046875,-124.070312,0,,,,,0,0,,,,,20,
NF,,,,,37.046875,-123.898438,0,,,,,0,0,,,,,20,
NF,,,,,37.046875,-123.726562,0,,,,,0,0,,,,,20,
NF,,,,,37.046875,-123.554688,0,,,,,0,0,,,,,20,
NF,,,,,37.046875,-123.382812,0,,,,,0,0,,,,,20,
NF,,,,,37.046875,-123.210938,0,,,,,0,0,,,,,20,
NF,,,,,37.046875,-123.039062,0,,,,,0,0,,,,,20,
NF,,,,,37.046875,-122.867188,0,,,,,0,0,,,,,20,
NF,,,,,37.046875,-122.695312,0,,,,,0,0,,,,,20,
NF,,,,,37.046875,-122.523438,0,,,,,0,0,,,,,20,
O1a,,,,,37.046875,-122.351562,5,,,,,1,49,,,0.35,60.0,20,
C7,,,,,37.046875,-122.179688,238,,,,,19,25,,,,,20,
C5,,,,,37.046875,-122.007812,186,,,,,20,6,,,,,20,
C5,,,,,37.046875,-121.835938,382,,,,,28,9,,,,,20,
C5,,,,,37.046875,-121.664062,218,,,,,18,241,,,,,20,
C7,,,,,37.046875,-121.492188,291,,,,,18,37,,,,,20,
C7,,,,,37.046875,-121.320312,375,,,,,24,24,,,,,20,
O1b,,,,,37.046875,-121.148438,311,,,,,17,240,,,0.35,60.0,20,
O1b,,,,,37.046875,-120.976562,105,,,,,5,221,,,0.35,60.0,20,
C7,,,,,37.046875,-120.804688,35,,,,,0,0,,,,,20,
C5,,,,,37.046875,-120.632812,34,,,,,0,0,,,,,20,
C5,,,,,37.046875,-120.460938,44,,,,,0,0,,,,,20,
C5,,,,,37.046875,-120.289062,62,,,,,0,0,,,,,20,
C7,,,,,37.046875,-120.117188,84,,,,,1,57,,,,,20,
O1b,,,,,37.046875,-119.945312,118,,,,,3,56,,,0.35,60.0,20,
O1b,,,,,37.046875,-119.773438,221,,,,,7,23,,,0.35,60.0,20,
C7,,,,,37.046875,-119.601562,366,,,,,18,42,,,,,20,
C7,,,,,37.046875,-119.429688,821,,,,,21,67,,,,,20,
C5,,,,,37.046875,-119.257812,1422,,,,,23,31,,,,,20,
C5,,,,,37.046875,-119.085938,2217,,,,,24,43,,,,,20,
NF,,,,,36.890625,-124.414062,0,,,,,0,0,,,,,20,
NF,,,,,36.890625,-124.242188,0,,,,,0,0,,,,,20,
NF,,,,,36.890625,-124.070312,0,,,,,0,0,,,,,20,
NF,,,,,36.890625,-123.898438,0,,,,,0,0,,,,,20,
NF,,,,,36.890625,-123.726562,0,,,,,0,0,,,,,20,
NF,,,,,36.890625,-123.554688,0,,,,,0,0,,,,,20,
NF,,,,,36.890625,-123.382812,0,,,,,0,0,,,,,20,
NF,,,,,36.890625,-123.210938,0,,,,,0,0,,,,,20,
NF,,,,,36.890625,-123.039062,0,,,,,0,0,,,,,20,
NF,,,,,36.890625,-122.867188,0,,,,,0,0,,,,,20,
NF,,,,,36.890625,-122.695312,0,,,,,0,0,,,,,20,
NF,,,,,36.890625,-122.523438,0,,,,,0,0,,,,,20,
NF,,,,,36.890625,-122.351562,0,,,,,0,0,,,,,20,
NF,,,,,36.890625,-122.179688,0,,,,,0,0,,,,,20,
O1a,,,,,36.890625,-122.007812,1,,,,,0,0,,,0.35,60.0,20,
O1b,,,,,36.890625,-121.835938,19,,,,,3,14,,,0.35,60.0,20,
C7,,,,,36.890625,-121.664062,121,,,,,15,45,,,,,20,
C7,,,,,36.890625,-121.492188,92,,,,,7,214,,,,,20,
O1b,,,,,36.890625,-121.320312,283,,,,,14,83,,,0.35,60.0,20,
O1b,,,,,36.890625,-121.148438,575,,,,,25,250,,,0.35,60.0,20,
O1b,,,,,36.890625,-120.976562,351,,,,,16,195,,,0.35,60.0,20,
O1b,,,,,36.890625,-120.804688,158,,,,,7,232,,,0.35,60.0,20,
C7,,,,,36.890625,-120.632812,51,,,,,0,0,,,,,20,
C5,,,,,36.890625,-120.460938,46,,,,,0,0,,,,,20,
C5,,,,,36.890625,-120.289062,53,,,,,0,0,,,,,20,
C7,,,,,36.890625,-120.117188,71,,,,,0,0,,,,,20,
C7,,,,,36.890625,-119.945312,90,,,,,1,64,,,,,20,
O1b,,,,,36.890625,-119.773438,110,,,,,2,47,,,0.35,60.0,20,
O1b,,,,,36.890625,-119.601562,172,,,,,6,42,,,0.35,60.0,20,
O1b,,,,,36.890625,-119.429688,400,,,,,19,47,,,0.35,60.0,20,
C7,,,,,36.890625,-119.257812,610,,,,,31,69,,,,,20,
C5,,,,,36.890625,-119.085938,1092,,,,,42,37,,,,,20,
NF,,,,,36.734375,-124.414062,0,,,,,0,0,,,,,20,
NF,,,,,36.734375,-124.242188,0,,,,,0,0,,,,,20,
NF,,,,,36.734375,-124.070312,0,,,,,0,0,,,,,20,
NF,,,,,36.734375,-123.898438,0,,,,,0,0,,,,,20,
NF,,,,,36.734375,-123.726562,0,,,,,0,0,,,,,20,
NF,,,,,36.734375,-123.554688,0,,,,,0,0,,,,,20,
NF,,,,,36.734375,-123.382812,0,,,,,0,0,,,,,20,
NF,,,,,36.734375,-123.210938,0,,,,,0,0,,,,,20,
NF,,,,,36.734375,-123.039062,0,,,,,0,0,,,,,20,
NF,,,,,36.734375,-122.867188,0,,,,,0,0,,,,,20,
NF,,,,,36.734375,-122.695312,0,,,,,0,0,,,,,20,
NF,,,,,36.734375,-122.523438,0,,,,,0,0,,,,,20,
NF,,,,,36.734375,-122.351562,0,,,,,0,0,,,,,20,
NF,,,,,36.734375,-122.179688,0,,,,,0,0,,,,,20,
NF,,,,,36.734375,-122.007812,0,,,,,0,0,,,,,20,
O1a,,,,,36.734375,-121.835938,5,,,,,1,153,,,0.35,60.0,20,
C7,,,,,36.734375,-121.664062,44,,,,,5,53,,,,,20,
C7,,,,,36.734375,-121.492188,435,,,,,28,96,,,,,20,
C7,,,,,36.734375,-121.320312,339,,,,,18,200,,,,,20,
O1b,,,,,36.734375,-121.148438,579,,,,,20,66,,,0.35,60.0,20,
O1b,,,,,36.734375,-120.976562,762,,,,,25,272,,,0.35,60.0,20,
O1b,,,,,36.734375,-120.804688,388,,,,,16,211,,,0.35,60.0,20,
C7,,,,,36.734375,-120.632812,124,,,,,2,238,,,,,20,
C7,,,,,36.734375,-120.460938,69,,,,,0,0,,,,,20,
C7,,,,,36.734375,-120.289062,51,,,,,0,0,,,,,20,
C5,,,,,36.734375,-120.117188,63,,,,,0,0,,,,,20,
C7,,,,,36.734375,-119.945312,77,,,,,0,0,,,,,20,
O1b,,,,,36.734375,-119.773438,92,,,,,0,0,,,0.35,60.0,20,
C7,,,,,36.734375,-119.601562,110,,,,,0,0,,,,,20,
C7,,,,,36.734375,-119.429688,173,,,,,7,56,,,,,20,
C7,,,,,36.734375,-119.257812,444,,,,,22,56,,,,,20,
C5,,,,,36.734375,-119.085938,1012,,,,,26,75,,,,,20,
NF,,,,,36.578125,-124.414062,0,,,,,0,0,,,,,20,
NF,,,,,36.578125,-124.242188,0,,,,,0,0,,,,,20,
NF,,,,,36.578125,-124.070312,0,,,,,0,0,,,,,20,
NF,,,,,36.578125,-123.898438,0,,,,,0,0,,,,,20,
NF,,,,,36.578125,-123.726562,0,,,,,0,0,,,,,20,
NF,,,,,36.578125,-123.554688,0,,,,,0,0,,,,,20,
NF,,,,,36.578125,-123.382812,0,,,,,0,0,,,,,20,
NF,,,,,36.578125,-123.210938,0,,,,,0,0,,,,,20,
NF,,,,,36.578125,-123.039062,0,,,,,0,0,,,,,20,
NF,,,,,36.578125,-122.867188,0,,,,,0,0,,,,,20,
NF,,,,,36.578125,-122.695312,0,,,,,0,0,,,,,20,
NF,,,,,36.578125,-122.523438,0,,,,,0,0,,,,,20,
NF,,,,,36.578125,-122.351562,0,,,,,0,0,,,,,20,
NF,,,,,36.578125,-122.179688,0,,,,,0,0,,,,,20,
NF,,,,,36.578125,-122.007812,8,,,,,1,100,,,,,20,
O1b,,,,,36.578125,-121.835938,125,,,,,13,151,,,0.35,60.0,20,
C7,,,,,36.578125,-121.664062,255,,,,,18,178,,,,,20,
C7,,,,,36.578125,-121.492188,136,,,,,10,60,,,,,20,
C7,,,,,36.578125,-121.320312,584,,,,,24,45,,,,,20,
O1b,,,,,36.578125,-121.148438,565,,,,,25,88,,,0.35,60.0,20,
O1b,,,,,36.578125,-120.976562,770,,,,,26,242,,,0.35,60.0,20,
O1a,,,,,36.578125,-120.804688,535,,,,,19,223,,,0.35,60.0,20,
O1b,,,,,36.578125,-120.632812,346,,,,,14,211,,,0.35,60.0,20,
O1b,,,,,36.578125,-120.460938,127,,,,,3,225,,,0.35,60.0,20,
O1b,,,,,36.578125,-120.289062,62,,,,,0,0,,,0.35,60.0,20,
C7,,,,,36.578125,-120.117188,57,,,,,0,0,,,,,20,
C7,,,,,36.578125,-119.945312,67,,,,,0,0,,,,,20,
C7,,,,,36.578125,-119.773438,81,,,,,0,0,,,,,20,
C7,,,,,36.578125,-119.601562,95,,,,,0,0,,,,,20,
C7,,,,,36.578125,-119.429688,106,,,,,1,54,,,,,20,
C7,,,,,36.578125,-119.257812,210,,,,,9,70,,,,,20,
C7,,,,,36.578125,-119.085938,563,,,,,24,35,,,,,20,
