Scenario,datetime,APCP,TMP,RH,WS,WD,FFMC,DMC,DC,ISI,BUI,FWI
Saudi,2025-06-24 19:00,0.0,35.1,21,21.5,319,96.59,174.84,244.17,6.95,173.67,29.86
Saudi,2025-06-24 20:00,0.0,34.5,22,22.0,320,96.59,174.84,244.17,6.95,173.67,29.86
Saudi,2025-06-24 21:00,0.0,33.8,23,22.6,321,96.59,174.84,244.17,6.95,173.67,29.86
Saudi,2025-06-24 22:00,0.0,33.2,23,23.2,322,96.59,174.84,244.17,6.95,173.67,29.86
Saudi,2025-06-24 23:00,0.0,32.5,24,23.7,323,96.59,174.84,244.17,6.95,173.67,29.86
Saudi,2025-06-25 00:00,0.0,31.9,25,24.3,324,96.64,182.53,253.99,6.51,181.28,28.79
Saudi,2025-06-25 01:00,0.0,32.6,24,24.1,324,96.64,182.53,253.99,6.51,181.28,28.79
Saudi,2025-06-25 02:00,0.0,33.3,23,23.9,324,96.64,182.53,253.99,6.51,181.28,28.79
Saudi,2025-06-25 03:00,0.0,34.0,22,23.6,325,96.64,182.53,253.99,6.51,181.28,28.79
Saudi,2025-06-25 04:00,0.0,34.7,21,23.4,325,96.64,182.53,253.99,6.51,181.28,28.79
Saudi,2025-06-25 05:00,0.0,35.5,20,23.2,326,96.64,182.53,253.99,6.51,181.28,28.79
Saudi,2025-06-25 06:00,0.0,36.2,20,23.0,326,96.64,182.53,253.99,6.51,181.28,28.79
Saudi,2025-06-25 07:00,0.0,36.7,19,23.1,326,96.64,182.53,253.99,6.51,181.28,28.79
Saudi,2025-06-25 08:00,0.0,37.2,19,23.3,325,96.64,182.53,253.99,6.51,181.28,28.79
Saudi,2025-06-25 09:00,0.0,37.8,18,23.5,325,96.64,182.53,253.99,6.51,181.28,28.79
Saudi,2025-06-25 10:00,0.0,38.3,18,23.6,324,96.64,182.53,253.99,6.51,181.28,28.79
Saudi,2025-06-25 11:00,0.0,38.8,18,23.8,324,96.64,182.53,253.99,6.51,181.28,28.79
Saudi,2025-06-25 12:00,0.0,39.4,18,24.0,323,96.64,182.53,253.99,6.51,181.28,28.79
Saudi,2025-06-25 13:00,0.0,38.7,18,22.5,323,96.64,182.53,253.99,6.51,181.28,28.79
Saudi,2025-06-25 14:00,0.0,38.0,19,21.0,322,96.64,182.53,253.99,6.51,181.28,28.79
Saudi,2025-06-25 15:00,0.0,37.3,19,19.6,320,96.64,182.53,253.99,6.51,181.28,28.79
Saudi,2025-06-25 16:00,0.0,36.6,20,18.1,319,96.64,182.53,253.99,6.51,181.28,28.79
Saudi,2025-06-25 17:00,0.0,36.0,20,16.7,317,96.64,182.53,253.99,6.51,181.28,28.79
Saudi,2025-06-25 18:00,0.0,35.3,21,15.3,315,96.64,182.53,253.99,6.51,181.28,28.79
Saudi,2025-06-25 19:00,0.0,34.7,21,15.9,314,96.64,182.53,253.99,6.51,181.28,28.79
Saudi,2025-06-25 20:00,0.0,34.1,22,16.5,313,96.64,182.53,253.99,6.51,181.28,28.79
Saudi,2025-06-25 21:00,0.0,33.5,22,17.1,312,96.64,182.53,253.99,6.51,181.28,28.79
Saudi,2025-06-25 22:00,0.0,32.9,23,17.8,311,96.64,182.53,253.99,6.51,181.28,28.79
Saudi,2025-06-25 23:00,0.0,32.4,23,18.4,310,96.64,182.53,253.99,6.51,181.28,28.79
Saudi,2025-06-26 00:00,0.0,31.8,24,19.0,310,96.69,190.17,263.75,5.34,188.84,25.3
Saudi,2025-06-26 01:00,0.0,32.5,23,19.0,311,96.69,190.17,263.75,5.34,188.84,25.3
Saudi,2025-06-26 02:00,0.0,33.2,22,19.0,312,96.69,190.17,263.75,5.34,188.84,25.3
Saudi,2025-06-26 03:00,0.0,33.9,21,19.0,313,96.69,190.17,263.75,5.34,188.84,25.3
Saudi,2025-06-26 04:00,0.0,34.6,21,19.0,314,96.69,190.17,263.75,5.34,188.84,25.3
Saudi,2025-06-26 05:00,0.0,35.3,20,19.1,315,96.69,190.17,263.75,5.34,188.84,25.3
Saudi,2025-06-26 06:00,0.0,36.0,19,19.1,317,96.69,190.17,263.75,5.34,188.84,25.3
Saudi,2025-06-26 07:00,0.0,36.6,19,19.4,318,96.69,190.17,263.75,5.34,188.84,25.3
Saudi,2025-06-26 08:00,0.0,37.2,18,19.6,320,96.69,190.17,263.75,5.34,188.84,25.3
Saudi,2025-06-26 09:00,0.0,37.8,18,19.9,322,96.69,190.17,263.75,5.34,188.84,25.3
Saudi,2025-06-26 10:00,0.0,38.4,17,20.2,323,96.69,190.17,263.75,5.34,188.84,25.3
Saudi,2025-06-26 11:00,0.0,38.9,16,20.5,325,96.69,190.17,263.75,5.34,188.84,25.3
Saudi,2025-06-26 12:00,0.0,39.5,16,20.8,326,96.69,190.17,263.75,5.34,188.84,25.3
Saudi,2025-06-26 13:00,0.0,38.6,17,19.2,326,96.69,190.17,263.75,5.34,188.84,25.3
Saudi,2025-06-26 14:00,0.0,37.8,18,17.5,325,96.69,190.17,263.75,5.34,188.84,25.3
Saudi,2025-06-26 15:00,0.0,36.9,19,15.9,324,96.69,190.17,263.75,5.34,188.84,25.3
Saudi,2025-06-26 16:00,0.0,36.0,20,14.2,323,96.69,190.17,263.75,5.34,188.84,25.3
Saudi,2025-06-26 17:00,0.0,35.2,21,12.6,322,96.69,190.17,263.75,5.34,188.84,25.3
Saudi,2025-06-26 18:00,0.0,34.3,22,11.0,321,96.69,190.17,263.75,5.34,188.84,25.3
Saudi,2025-06-26 19:00,0.0,33.8,22,11.6,318,96.69,190.17,263.75,5.34,188.84,25.3
Saudi,2025-06-26 20:00,0.0,33.2,23,12.2,316,96.69,190.17,263.75,5.34,188.84,25.3
Saudi,2025-06-26 21:00,0.0,32.7,24,12.8,314,96.69,190.17,263.75,5.34,188.84,25.3
Saudi,2025-06-26 22:00,0.0,32.1,25,13.5,313,96.69,190.17,263.75,5.34,188.84,25.3
Saudi,2025-06-26 23:00,0.0,31.6,26,14.1,311,96.69,190.17,263.75,5.34,188.84,25.3
Saudi,2025-06-27 00:00,0.0,31.0,27,14.8,310,96.74,197.73,273.56,4.93,196.32,24.09
Saudi,2025-06-27 01:00,0.0,31.9,26,15.1,310,96.74,197.73,273.56,4.93,196.32,24.09
Saudi,2025-06-27 02:00,0.0,32.8,25,15.4,310,96.74,197.73,273.56,4.93,196.32,24.09
Saudi,2025-06-27 03:00,0.0,33.6,24,15.7,311,96.74,197.73,273.56,4.93,196.32,24.09
Saudi,2025-06-27 04:00,0.0,34.5,23,16.1,311,96.74,197.73,273.56,4.93,196.32,24.09
Saudi,2025-06-27 05:00,0.0,35.4,22,16.4,311,96.74,197.73,273.56,4.93,196.32,24.09
Saudi,2025-06-27 06:00,0.0,36.2,22,16.7,311,96.74,197.73,273.56,4.93,196.32,24.09
Saudi,2025-06-27 07:00,0.0,36.8,21,17.2,315,96.74,197.73,273.56,4.93,196.32,24.09
Saudi,2025-06-27 08:00,0.0,37.5,20,17.7,318,96.74,197.73,273.56,4.93,196.32,24.09
Saudi,2025-06-27 09:00,0.0,38.1,20,18.4,321,96.74,197.73,273.56,4.93,196.32,24.09
Saudi,2025-06-27 10:00,0.0,38.7,19,19.0,324,96.74,197.73,273.56,4.93,196.32,24.09
Saudi,2025-06-27 11:00,0.0,39.3,19,19.7,326,96.74,197.73,273.56,4.93,196.32,24.09
Saudi,2025-06-27 12:00,0.0,39.9,18,20.5,329,96.74,197.73,273.56,4.93,196.32,24.09
Saudi,2025-06-27 13:00,0.0,39.1,19,18.7,328,96.74,197.73,273.56,4.93,196.32,24.09
Saudi,2025-06-27 14:00,0.0,38.3,19,17.0,328,96.74,197.73,273.56,4.93,196.32,24.09
Saudi,2025-06-27 15:00,0.0,37.4,19,15.2,327,96.74,197.73,273.56,4.93,196.32,24.09
Saudi,2025-06-27 16:00,0.0,36.6,20,13.5,327,96.74,197.73,273.56,4.93,196.32,24.09
Saudi,2025-06-27 17:00,0.0,35.8,20,11.7,326,96.74,197.73,273.56,4.93,196.32,24.09
Saudi,2025-06-27 18:00,0.0,35.0,20,10.0,325,96.74,197.73,273.56,4.93,196.32,24.09
Saudi,2025-06-27 19:00,0.0,34.4,21,10.5,319,96.74,197.73,273.56,4.93,196.32,24.09
Saudi,2025-06-27 20:00,0.0,33.8,22,11.0,314,96.74,197.73,273.56,4.93,196.32,24.09
Saudi,2025-06-27 21:00,0.0,33.2,23,11.6,309,96.74,197.73,273.56,4.93,196.32,24.09
Saudi,2025-06-27 22:00,0.0,32.6,24,12.3,305,96.74,197.73,273.56,4.93,196.32,24.09
Saudi,2025-06-27 23:00,0.0,31.9,25,13.1,301,96.74,197.73,273.56,4.93,196.32,24.09
Saudi,2025-06-28 00:00,0.0,31.3,27,13.9,298,96.8,205.26,283.39,4.32,203.77,22.05
Saudi,2025-06-28 01:00,0.0,32.2,25,13.9,300,96.8,205.26,283.39,4.32,203.77,22.05
Saudi,2025-06-28 02:00,0.0,33.1,24,13.9,302,96.8,205.26,283.39,4.32,203.77,22.05
Saudi,2025-06-28 03:00,0.0,34.0,23,13.9,304,96.8,205.26,283.39,4.32,203.77,22.05
Saudi,2025-06-28 04:00,0.0,34.9,22,13.9,306,96.8,205.26,283.39,4.32,203.77,22.05
Saudi,2025-06-28 05:00,0.0,35.7,21,14.0,308,96.8,205.26,283.39,4.32,203.77,22.05
Saudi,2025-06-28 06:00,0.0,36.6,20,14.0,310,96.8,205.26,283.39,4.32,203.77,22.05
Saudi,2025-06-28 07:00,0.0,37.2,20,14.6,315,96.8,205.26,283.39,4.32,203.77,22.05
Saudi,2025-06-28 08:00,0.0,37.9,19,15.2,319,96.8,205.26,283.39,4.32,203.77,22.05
Saudi,2025-06-28 09:00,0.0,38.5,19,15.9,323,96.8,205.26,283.39,4.32,203.77,22.05
Saudi,2025-06-28 10:00,0.0,39.1,18,16.6,326,96.8,205.26,283.39,4.32,203.77,22.05
Saudi,2025-06-28 11:00,0.0,39.7,18,17.4,329,96.8,205.26,283.39,4.32,203.77,22.05
Saudi,2025-06-28 12:00,0.0,40.4,17,18.3,332,96.8,205.26,283.39,4.32,203.77,22.05
Saudi,2025-06-28 13:00,0.0,39.4,18,16.1,330,96.8,205.26,283.39,4.32,203.77,22.05
Saudi,2025-06-28 14:00,0.0,38.5,19,14.0,329,96.8,205.26,283.39,4.32,203.77,22.05
Saudi,2025-06-28 15:00,0.0,37.5,20,11.9,326,96.8,205.26,283.39,4.32,203.77,22.05
Saudi,2025-06-28 16:00,0.0,36.6,22,9.8,323,96.8,205.26,283.39,4.32,203.77,22.05
Saudi,2025-06-28 17:00,0.0,35.7,23,7.7,318,96.8,205.26,283.39,4.32,203.77,22.05
Saudi,2025-06-28 18:00,0.0,34.7,25,5.8,309,96.8,205.26,283.39,4.32,203.77,22.05
Saudi,2025-06-28 19:00,0.0,34.1,25,6.4,300,96.8,205.26,283.39,4.32,203.77,22.05
Saudi,2025-06-28 20:00,0.0,33.4,26,7.2,293,96.8,205.26,283.39,4.32,203.77,22.05
Saudi,2025-06-28 21:00,0.0,32.7,27,8.0,287,96.8,205.26,283.39,4.32,203.77,22.05
Saudi,2025-06-28 22:00,0.0,32.1,28,8.9,282,96.8,205.26,283.39,4.32,203.77,22.05
Saudi,2025-06-28 23:00,0.0,31.4,28,9.9,279,96.8,205.26,283.39,4.32,203.77,22.05
Saudi,2025-06-29 00:00,0.0,30.8,29,10.8,275,96.85,212.91,293.33,3.93,211.34,20.71
Saudi,2025-06-29 01:00,0.0,31.8,28,11.1,276,96.85,212.91,293.33,3.93,211.34,20.71
Saudi,2025-06-29 02:00,0.0,32.8,26,11.3,277,96.85,212.91,293.33,3.93,211.34,20.71
Saudi,2025-06-29 03:00,0.0,33.8,24,11.5,277,96.85,212.91,293.33,3.93,211.34,20.71
Saudi,2025-06-29 04:00,0.0,34.8,23,11.8,278,96.85,212.91,293.33,3.93,211.34,20.71
Saudi,2025-06-29 05:00,0.0,35.8,22,12.0,278,96.85,212.91,293.33,3.93,211.34,20.71
Saudi,2025-06-29 06:00,0.0,36.8,21,12.2,279,96.85,212.91,293.33,3.93,211.34,20.71
Saudi,2025-06-29 07:00,0.0,37.5,20,12.1,282,96.85,212.91,293.33,3.93,211.34,20.71
Saudi,2025-06-29 08:00,0.0,38.1,20,12.0,286,96.85,212.91,293.33,3.93,211.34,20.71
Saudi,2025-06-29 09:00,0.0,38.8,20,11.9,289,96.85,212.91,293.33,3.93,211.34,20.71
Saudi,2025-06-29 10:00,0.0,39.5,19,11.9,293,96.85,212.91,293.33,3.93,211.34,20.71
Saudi,2025-06-29 11:00,0.0,40.2,19,12.0,297,96.85,212.91,293.33,3.93,211.34,20.71
Saudi,2025-06-29 12:00,0.0,40.8,19,12.1,300,96.85,212.91,293.33,3.93,211.34,20.71
Saudi,2025-06-29 13:00,0.0,40.0,19,10.9,298,96.85,212.91,293.33,3.93,211.34,20.71
Saudi,2025-06-29 14:00,0.0,39.2,20,9.8,295,96.85,212.91,293.33,3.93,211.34,20.71
Saudi,2025-06-29 15:00,0.0,38.3,21,8.7,292,96.85,212.91,293.33,3.93,211.34,20.71
Saudi,2025-06-29 16:00,0.0,37.5,21,7.7,288,96.85,212.91,293.33,3.93,211.34,20.71
Saudi,2025-06-29 17:00,0.0,36.6,22,6.7,283,96.85,212.91,293.33,3.93,211.34,20.71
Saudi,2025-06-29 18:00,0.0,35.8,23,5.8,275,96.85,212.91,293.33,3.93,211.34,20.71
Saudi,2025-06-29 19:00,0.0,35.4,23,7.2,274,96.85,212.91,293.33,3.93,211.34,20.71
Saudi,2025-06-29 20:00,0.0,35.0,24,8.7,273,96.85,212.91,293.33,3.93,211.34,20.71
Saudi,2025-06-29 21:00,0.0,34.6,24,10.1,272,96.85,212.91,293.33,3.93,211.34,20.71
Saudi,2025-06-29 22:00,0.0,34.1,24,11.6,272,96.85,212.91,293.33,3.93,211.34,20.71
Saudi,2025-06-29 23:00,0.0,33.7,24,13.0,271,96.85,212.91,293.33,3.93,211.34,20.71
Saudi,2025-06-30 00:00,0.0,33.3,25,14.5,271,96.9,220.98,303.46,4.92,219.32,24.36
Saudi,2025-06-30 01:00,0.0,34.0,24,15.2,274,96.9,220.98,303.46,4.92,219.32,24.36
Saudi,2025-06-30 02:00,0.0,34.6,23,15.8,276,96.9,220.98,303.46,4.92,219.32,24.36
Saudi,2025-06-30 03:00,0.0,35.3,22,16.6,278,96.9,220.98,303.46,4.92,219.32,24.36
Saudi,2025-06-30 04:00,0.0,35.9,21,17.3,281,96.9,220.98,303.46,4.92,219.32,24.36
Saudi,2025-06-30 05:00,0.0,36.6,20,18.0,282,96.9,220.98,303.46,4.92,219.32,24.36
Saudi,2025-06-30 06:00,0.0,37.2,19,18.8,284,96.9,220.98,303.46,4.92,219.32,24.36
Saudi,2025-06-30 07:00,0.0,37.8,19,18.2,285,96.9,220.98,303.46,4.92,219.32,24.36
Saudi,2025-06-30 08:00,0.0,38.4,19,17.6,286,96.9,220.98,303.46,4.92,219.32,24.36
Saudi,2025-06-30 09:00,0.0,39.0,19,16.9,287,96.9,220.98,303.46,4.92,219.32,24.36
Saudi,2025-06-30 10:00,0.0,39.6,19,16.3,288,96.9,220.98,303.46,4.92,219.32,24.36
Saudi,2025-06-30 11:00,0.0,40.2,19,15.7,289,96.9,220.98,303.46,4.92,219.32,24.36
Saudi,2025-06-30 12:00,0.0,40.9,19,15.1,290,96.9,220.98,303.46,4.92,219.32,24.36
Saudi,2025-06-30 13:00,0.0,40.0,19,13.7,286,96.9,220.98,303.46,4.92,219.32,24.36
Saudi,2025-06-30 14:00,0.0,39.2,19,12.4,281,96.9,220.98,303.46,4.92,219.32,24.36
Saudi,2025-06-30 15:00,0.0,38.4,19,11.3,275,96.9,220.98,303.46,4.92,219.32,24.36
Saudi,2025-06-30 16:00,0.0,37.5,19,10.3,268,96.9,220.98,303.46,4.92,219.32,24.36
Saudi,2025-06-30 17:00,0.0,36.7,19,9.4,259,96.9,220.98,303.46,4.92,219.32,24.36
Saudi,2025-06-30 18:00,0.0,35.9,19,8.9,249,96.9,220.98,303.46,4.92,219.32,24.36
