Step,Reward,Entropy,Algorithm
0.0,-0.8868166736356198,0.01,PPO V3 (Collapsed)
10101.0101010101,-0.8932112029677669,0.008170784211407314,PPO V3 (Collapsed)
20202.0202020202,-0.9169162553466128,0.006676171462938303,PPO V3 (Collapsed)
30303.030303030304,-0.9062672114419198,0.005454955638202435,PPO V3 (Collapsed)
40404.0404040404,-0.900800891796836,0.004457126540255176,PPO V3 (Collapsed)
50505.0505050505,-0.9069528243322154,0.0036418219163361506,PPO V3 (Collapsed)
60606.06060606061,-0.8945764411453262,0.0029756541014756533,PPO V3 (Collapsed)
70707.0707070707,-0.8856496361707124,0.0024313427550946695,PPO V3 (Collapsed)
80808.0808080808,-0.8415550370991132,0.0019865976995847075,PPO V3 (Collapsed)
90909.09090909091,-0.8737948508307863,0.0016232061118184816,PPO V3 (Collapsed)
101010.101010101,-0.8964487931345632,0.0013262866870306308,PPO V3 (Collapsed)
111111.11111111111,-0.8583809864987347,0.0010836802322189585,PPO V3 (Collapsed)
121212.12121212122,-0.8369183758104801,0.0008854517331628879,PPO V3 (Collapsed)
131313.1313131313,-0.8520540611849367,0.0007234835041290565,PPO V3 (Collapsed)
141414.1414141414,-0.8596418985329345,0.0005911427592751336,PPO V3 (Collapsed)
151515.15151515152,-0.8871959028628955,0.00048300999241730134,PPO V3 (Collapsed)
161616.1616161616,-0.8574343018315191,0.0003946570419995252,PPO V3 (Collapsed)
171717.1717171717,-0.848101933428205,0.0003224657527690433,PPO V3 (Collapsed)
181818.18181818182,-0.8257421450935477,0.00026347980814448726,PPO V3 (Collapsed)
191919.19191919192,-0.8570791256842336,0.00021528366564116052,PPO V3 (Collapsed)
202020.202020202,-0.874271759080477,0.00017590363761946866,PPO V3 (Collapsed)
212121.21212121213,-0.8637654559014284,0.00014372706649902673,PPO V3 (Collapsed)
222222.22222222222,-0.8438304653531865,0.0001174362845702136,PPO V3 (Collapsed)
232323.2323232323,-0.849993089452388,9.59546539812638e-05,PPO V3 (Collapsed)
242424.24242424243,-0.8311923893616467,7.840247717611619e-05,PPO V3 (Collapsed)
252525.25252525252,-0.8224544005267277,6.406097226458328e-05,PPO V3 (Collapsed)
262626.2626262626,-0.8655742954873172,5.2342838074685856e-05,PPO V3 (Collapsed)
272727.2727272727,-0.8264356757933573,4.2768203492089296e-05,PPO V3 (Collapsed)
282828.2828282828,-0.844056369097705,3.494497618434185e-05,PPO V3 (Collapsed)
292929.29292929295,-0.8340640839623964,2.8552785967502463e-05,PPO V3 (Collapsed)
303030.30303030304,-0.8115903462093528,2.3329865277496148e-05,PPO V3 (Collapsed)
313131.31313131313,-0.84692902389459,1.9062329486362518e-05,PPO V3 (Collapsed)
323232.3232323232,-0.8551721558258449,1.55754180799815e-05,PPO V3 (Collapsed)
333333.3333333333,-0.8320599082101322,1.272633801339809e-05,PPO V3 (Collapsed)
343434.3434343434,-0.8251210077998049,1.039841617089058e-05,PPO V3 (Collapsed)
353535.3535353535,-0.8017081434539293,8.496321467275527e-06,PPO V3 (Collapsed)
363636.36363636365,-0.8472539593505407,6.942160929985581e-06,PPO V3 (Collapsed)
373737.37373737374,-0.8015366961296722,5.672289891977491e-06,PPO V3 (Collapsed)
383838.38383838383,-0.8298513793532991,4.634705669189501e-06,PPO V3 (Collapsed)
393939.3939393939,-0.8314912674159223,3.7869179906333553e-06,PPO V3 (Collapsed)
404040.404040404,-0.8502638828261042,3.0942089727761345e-06,PPO V3 (Collapsed)
414141.4141414141,-0.8452992108359051,2.528211382155407e-06,PPO V3 (Collapsed)
424242.42424242425,-0.8782424065149786,2.065746964441565e-06,PPO V3 (Collapsed)
434343.43434343435,-0.8241473213009592,1.6878772681821719e-06,PPO V3 (Collapsed)
444444.44444444444,-0.81504318522398,1.3791280933656192e-06,PPO V3 (Collapsed)
454545.45454545453,-0.8233802020552387,1.1268558050780088e-06,PPO V3 (Collapsed)
464646.4646464646,-0.8347751801289647,9.207295620664068e-07,PPO V3 (Collapsed)
474747.4747474747,-0.8152223348657647,7.523082568708162e-07,PPO V3 (Collapsed)
484848.48484848486,-0.8132457128805938,6.14694842735142e-07,PPO V3 (Collapsed)
494949.49494949495,-0.8527029993455959,5.022538915853798e-07,PPO V3 (Collapsed)
505050.50505050505,-0.8673519057505558,4.103808167483707e-07,PPO V3 (Collapsed)
515151.51515151514,-0.8449514316205371,3.3531330981520244e-07,PPO V3 (Collapsed)
525252.5252525252,-0.8347934819577244,2.7397726977127836e-07,PPO V3 (Collapsed)
535353.5353535353,-0.8379466407020898,2.2386091501316464e-07,PPO V3 (Collapsed)
545454.5454545454,-0.8204864715736565,1.829119229940759e-07,PPO V3 (Collapsed)
555555.5555555555,-0.7687514397023039,1.4945338524781453e-07,PPO V3 (Collapsed)
565656.5656565656,-0.7957162258493093,1.221151360524219e-07,PPO V3 (Collapsed)
575757.5757575757,-0.7973530856170792,9.977764256309846e-08,PPO V3 (Collapsed)
585858.5858585859,-0.8272631422398506,8.152615865060053e-08,PPO V3 (Collapsed)
595959.595959596,-0.8041364042720621,6.661326499190144e-08,PPO V3 (Collapsed)
606060.6060606061,-0.8099569067739427,5.442826138661205e-08,PPO V3 (Collapsed)
616161.6161616162,-0.7956095897954939,4.4472157879207987e-08,PPO V3 (Collapsed)
626262.6262626263,-0.8288687227548281,3.6337240544664585e-08,PPO V3 (Collapsed)
636363.6363636364,-0.8231615156479073,2.9690375132845544e-08,PPO V3 (Collapsed)
646464.6464646464,-0.7924067438005059,2.425936483662146e-08,PPO V3 (Collapsed)
656565.6565656565,-0.8242818494260942,1.982180351858363e-08,PPO V3 (Collapsed)
666666.6666666666,-0.7803325906966437,1.6195967923126127e-08,PPO V3 (Collapsed)
676767.6767676767,-0.8046315843774456,1.323337589947382e-08,PPO V3 (Collapsed)
686868.6868686868,-0.8422523165117806,1.081270588630387e-08,PPO V3 (Collapsed)
696969.6969696969,-0.8617418212045529,8.834828653840269e-09,PPO V3 (Collapsed)
707070.707070707,-0.7865448042387585,7.218747847528697e-09,PPO V3 (Collapsed)
717171.7171717172,-0.8158682082574499,5.898283093871788e-09,PPO V3 (Collapsed)
727272.7272727273,-0.8062186129692893,4.819359837781826e-09,PPO V3 (Collapsed)
737373.7373737374,-0.8244322436135474,3.937794927163831e-09,PPO V3 (Collapsed)
747474.7474747475,-0.815716970018454,3.2174872618630027e-09,PPO V3 (Collapsed)
757575.7575757576,-0.7980764561337583,2.628939411963441e-09,PPO V3 (Collapsed)
767676.7676767677,-0.7946002012888415,2.14804966400173e-09,PPO V3 (Collapsed)
777777.7777777778,-0.8070295712816187,1.7551250279944112e-09,PPO V3 (Collapsed)
787878.7878787878,-0.7631765460273592,1.4340747867782573e-09,PPO V3 (Collapsed)
797979.7979797979,-0.8202432089932472,1.1717515625785088e-09,PPO V3 (Collapsed)
808080.808080808,-0.7709356880205626,9.57412916720834e-10,PPO V3 (Collapsed)
818181.8181818181,-0.8167455336065734,7.822814343739998e-10,PPO V3 (Collapsed)
828282.8282828282,-0.7900157100675689,6.391852792860153e-10,PPO V3 (Collapsed)
838383.8383838383,-0.8508899611147464,5.222644988154155e-10,PPO V3 (Collapsed)
848484.8484848485,-0.8211877135758057,4.2673105210995417e-10,PPO V3 (Collapsed)
858585.8585858586,-0.805842998864484,3.486727343097237e-10,PPO V3 (Collapsed)
868686.8686868687,-0.8218094069911093,2.848929672446111e-10,PPO V3 (Collapsed)
878787.8787878788,-0.8025954431188271,2.3277989587032526e-10,PPO V3 (Collapsed)
888888.8888888889,-0.7984969472248415,1.9019942979102879e-10,PPO V3 (Collapsed)
898989.898989899,-0.7914029654310678,1.554078497955214e-10,PPO V3 (Collapsed)
909090.9090909091,-0.7990389368155064,1.2698040054380072e-10,PPO V3 (Collapsed)
919191.9191919192,-0.8074932740366093,1.0375294519214611e-10,PPO V3 (Collapsed)
929292.9292929292,-0.8179375585479244,8.47742926462997e-11,PPO V3 (Collapsed)
939393.9393939393,-0.817617664110666,6.926724518876096e-11,PPO V3 (Collapsed)
949494.9494949494,-0.8145324709927727,5.6596771335600604e-11,PPO V3 (Collapsed)
959595.9595959595,-0.7953529784168129,4.6244000564555604e-11,PPO V3 (Collapsed)
969696.9696969697,-0.8085089115421834,3.77849749685181e-11,PPO V3 (Collapsed)
979797.9797979798,-0.8029345444186258,3.087328769011886e-11,PPO V3 (Collapsed)
989898.9898989899,-0.7482886651519242,2.5225897161265843e-11,PPO V3 (Collapsed)
1000000.0,-0.8165254926894814,2.061153622438558e-11,PPO V3 (Collapsed)
0.0,-0.9046500834258315,0.02,Hybrid PPO (Ours)
10101.0101010101,-0.801002368736475,0.019039239022952827,Hybrid PPO (Ours)
20202.0202020202,-0.7231828427605118,0.018170784211407314,Hybrid PPO (Ours)
30303.030303030304,-0.6297195231734956,0.01738576714918798,Hybrid PPO (Ours)
40404.0404040404,-0.5899815169980127,0.016676171462938302,Hybrid PPO (Ours)
50505.0505050505,-0.5162159464475649,0.016034750961171594,Hybrid PPO (Ours)
60606.06060606061,-0.46339953899253794,0.015454955638202435,Hybrid PPO (Ours)
70707.0707070707,-0.41496257658119734,0.014930864787331598,Hybrid PPO (Ours)
80808.0808080808,-0.4004281764162602,0.014457126540255176,Hybrid PPO (Ours)
90909.09090909091,-0.35295073366727087,0.014028903215291329,Hybrid PPO (Ours)
101010.101010101,-0.33020798418901176,0.013641821916336151,Hybrid PPO (Ours)
111111.11111111111,-0.27575448785796897,0.013291929878079057,Hybrid PPO (Ours)
121212.12121212122,-0.26347680793714634,0.012975654101475654,Hybrid PPO (Ours)
131313.1313131313,-0.2305313424514119,0.012689764867286835,Hybrid PPO (Ours)
141414.1414141414,-0.21416046857512575,0.012431342755094669,Hybrid PPO (Ours)
151515.15151515152,-0.21799645038768034,0.012197748831002535,Hybrid PPO (Ours)
161616.1616161616,-0.15625611273792683,0.011986597699584708,Hybrid PPO (Ours)
171717.1717171717,-0.172889219985089,0.01179573314489944,Hybrid PPO (Ours)
181818.18181818182,-0.16710886400958205,0.011623206111818482,Hybrid PPO (Ours)
191919.19191919192,-0.14889447957494537,0.011467254802824515,Hybrid PPO (Ours)
202020.202020202,-0.15563391654881975,0.011326286687030632,Hybrid PPO (Ours)
212121.21212121213,-0.14715574073456736,0.01119886223770301,Hybrid PPO (Ours)
222222.22222222222,-0.1218114748954017,0.011083680232218958,Hybrid PPO (Ours)
232323.2323232323,-0.12452491724174077,0.01097956446434762,Hybrid PPO (Ours)
242424.24242424243,-0.11607885782986418,0.010885451733162889,Hybrid PPO (Ours)
252525.25252525252,-0.13127764056568503,0.01080038098593472,Hybrid PPO (Ours)
262626.2626262626,-0.11865409769364312,0.010723483504129057,Hybrid PPO (Ours)
272727.2727272727,-0.13093686545788796,0.010653974032298601,Hybrid PPO (Ours)
282828.2828282828,-0.10788236635404645,0.010591142759275134,Hybrid PPO (Ours)
292929.29292929295,-0.09768708191840714,0.010534348069777578,Hybrid PPO (Ours)
303030.30303030304,-0.08571747202025237,0.0104830099924173,Hybrid PPO (Ours)
313131.31313131313,-0.08891904577623859,0.010436604277193461,Hybrid PPO (Ours)
323232.3232323232,-0.09329132714927912,0.010394657041999525,Hybrid PPO (Ours)
333333.3333333333,-0.07830064622283367,0.010356739933472523,Hybrid PPO (Ours)
343434.3434343434,-0.0923614789538925,0.010322465752769043,Hybrid PPO (Ours)
353535.3535353535,-0.07929246971356085,0.01029148450159958,Hybrid PPO (Ours)
363636.36363636365,-0.08877121121688954,0.010263479808144488,Hybrid PPO (Ours)
373737.37373737374,-0.08888708117100058,0.010238165696353977,Hybrid PPO (Ours)
383838.38383838383,-0.0864607911923325,0.01021528366564116,Hybrid PPO (Ours)
393939.3939393939,-0.08308110295997773,0.010194600051146792,Hybrid PPO (Ours)
404040.404040404,-0.08146626963286327,0.01017590363761947,Hybrid PPO (Ours)
414141.4141414141,-0.08755546146943044,0.010159003502544926,Hybrid PPO (Ours)
424242.42424242425,-0.09047539701138808,0.010143727066499027,Hybrid PPO (Ours)
434343.43434343435,-0.09164235433192112,0.010129918330815254,Hybrid PPO (Ours)
444444.44444444444,-0.07746427814119916,0.010117436284570213,Hybrid PPO (Ours)
454545.45454545453,-0.07594071352652501,0.010106153464619768,Hybrid PPO (Ours)
464646.4646464646,-0.07694918246227689,0.010095954653981264,Hybrid PPO (Ours)
474747.4747474747,-0.08997890012931228,0.010086735705270137,Hybrid PPO (Ours)
484848.48484848486,-0.08192686767522621,0.010078402477176117,Hybrid PPO (Ours)
494949.49494949495,-0.0842383282340963,0.010070869873118652,Hybrid PPO (Ours)
505050.50505050505,-0.07626168322460361,0.010064060972264583,Hybrid PPO (Ours)
515151.51515151514,-0.07217883828107555,0.010057906244034232,Hybrid PPO (Ours)
525252.5252525252,-0.0866361568737035,0.010052342838074687,Hybrid PPO (Ours)
535353.5353535353,-0.08297961903977283,0.010047313942449681,Hybrid PPO (Ours)
545454.5454545454,-0.08209689428015395,0.01004276820349209,Hybrid PPO (Ours)
555555.5555555555,-0.061723599896895874,0.01003865920139473,Hybrid PPO (Ours)
565656.5656565656,-0.07619999934033603,0.010034944976184342,Hybrid PPO (Ours)
575757.5757575757,-0.10667285667899576,0.010031587599238166,Hybrid PPO (Ours)
585858.5858585859,-0.08492456830610559,0.010028552785967502,Hybrid PPO (Ours)
595959.595959596,-0.07386298524136156,0.010025809545713147,Hybrid PPO (Ours)
606060.6060606061,-0.0864069623080641,0.010023329865277496,Hybrid PPO (Ours)
616161.6161616162,-0.08958431655986836,0.010021088422861658,Hybrid PPO (Ours)
626262.6262626263,-0.09593645992399467,0.010019062329486362,Hybrid PPO (Ours)
636363.6363636364,-0.07206151428576336,0.01001723089525615,Hybrid PPO (Ours)
646464.6464646464,-0.08450631803781106,0.010015575418079981,Hybrid PPO (Ours)
656565.6565656565,-0.06659662898713277,0.010014078992690738,Hybrid PPO (Ours)
666666.6666666666,-0.0840990445523662,0.010012726338013398,Hybrid PPO (Ours)
676767.6767676767,-0.07967128120473624,0.010011503641119,Hybrid PPO (Ours)
686868.6868686868,-0.07714616641540908,0.010010398416170891,Hybrid PPO (Ours)
696969.6969696969,-0.08589139161718674,0.010009399376922882,Hybrid PPO (Ours)
707070.707070707,-0.07987402213269511,0.010008496321467275,Hybrid PPO (Ours)
717171.7171717172,-0.08288270872358104,0.010007680028055854,Hybrid PPO (Ours)
727272.7272727273,-0.08212071737655349,0.010006942160929986,Hybrid PPO (Ours)
737373.7373737374,-0.08304771108367548,0.010006275185198194,Hybrid PPO (Ours)
747474.7474747475,-0.0817135696473797,0.010005672289891977,Hybrid PPO (Ours)
757575.7575757576,-0.08749839361891304,0.010005127318414107,Hybrid PPO (Ours)
767676.7676767677,-0.07395596643506286,0.01000463470566919,Hybrid PPO (Ours)
777777.7777777778,-0.06555795393246491,0.010004189421234483,Hybrid PPO (Ours)
787878.7878787878,-0.06890153338826445,0.010003786917990634,Hybrid PPO (Ours)
797979.7979797979,-0.06742907895388058,0.010003423085687765,Hybrid PPO (Ours)
808080.808080808,-0.07548083737023933,0.010003094208972777,Hybrid PPO (Ours)
818181.8181818181,-0.08121868623366135,0.010002796929449189,Hybrid PPO (Ours)
828282.8282828282,-0.06972104693969808,0.010002528211382155,Hybrid PPO (Ours)
838383.8383838383,-0.08374581693108961,0.010002285310698385,Hybrid PPO (Ours)
848484.8484848485,-0.07458806225849621,0.010002065746964441,Hybrid PPO (Ours)
858585.8585858586,-0.08131000892657463,0.010001867278057254,Hybrid PPO (Ours)
868686.8686868687,-0.09897582684764,0.010001687877268182,Hybrid PPO (Ours)
878787.8787878788,-0.06371252687828409,0.010001525712606851,Hybrid PPO (Ours)
888888.8888888889,-0.07596106787083934,0.010001379128093365,Hybrid PPO (Ours)
898989.898989899,-0.08270802254056268,0.010001246626847921,Hybrid PPO (Ours)
909090.9090909091,-0.06581598890276094,0.010001126855805079,Hybrid PPO (Ours)
919191.9191919192,-0.07724049384685967,0.01000101859189665,Hybrid PPO (Ours)
929292.9292929292,-0.07464060779440114,0.010000920729562067,Hybrid PPO (Ours)
939393.9393939393,-0.08782229579376463,0.010000832269458701,Hybrid PPO (Ours)
949494.9494949494,-0.09717708032758321,0.010000752308256871,Hybrid PPO (Ours)
959595.9595959595,-0.07478773900704658,0.01000068002941528,Hybrid PPO (Ours)
969696.9696969697,-0.07665538878675314,0.010000614694842735,Hybrid PPO (Ours)
979797.9797979798,-0.0936369561862776,0.010000555637360966,Hybrid PPO (Ours)
989898.9898989899,-0.07785343716897498,0.010000502253891586,Hybrid PPO (Ours)
1000000.0,-0.09115516770152786,0.010000453999297625,Hybrid PPO (Ours)
